slug,cliente,periodo,moneda,gasto,resultado,roas,cpa,cpl,cuello_embudo,diagnostico,veredictos
piera,Piera Ceresa,2026-08-31..2026-10-05,CLP,96502.0,1,1.39,96502,,Vieron la landing (LPV),El cuello está en Vieron la landing (LPV) → Agregaron al carrito: 0.8% vs ~13.0% sano.,escalar:0 iterar:0 matar:0 pocaData:16
mossy,Mossy,2026-08-31..2026-10-05,ARS,3864461.81,112,2.84,34504,,Agregaron al carrito,El cuello está en Agregaron al carrito → Iniciaron el pago: 13.5% vs ~45.0% sano.,escalar:6 iterar:1 matar:0 pocaData:9
vresia,Vresia,2026-08-13..2026-09-17,ARS,476059.52,16,2.09,29754,,Agregaron al carrito,El cuello está en Agregaron al carrito → Iniciaron el pago: 13.6% vs ~45.0% sano.,escalar:2 iterar:0 matar:0 pocaData:18
alba,Alba & Co,2026-08-31..2026-10-05,ARS,406655.28,20,2.98,20333,,Agregaron al carrito,El cuello está en Agregaron al carrito → Iniciaron el pago: 11.9% vs ~45.0% sano.,escalar:2 iterar:1 matar:0 pocaData:8
paz,Maia,2026-08-31..2026-10-05,ARS,360225.62,320,,,1126,Clics en el enlace,El cuello está en Clics en el enlace → Leads: 35.3% vs ~20.0% sano.,escalar:3 iterar:1 matar:0 pocaData:13
pulpa,Pulpa Verde,2026-08-31..2026-10-05,ARS,361928.71,2,0.13,180964,,Iniciaron el pago,El cuello está en Iniciaron el pago → Compraron: 6.5% vs ~45.0% sano.,escalar:0 iterar:0 matar:0 pocaData:17
saritina-ceramica,SARITINA CERAMICA,2026-09-01..2026-10-05,ARS,287160.38,42,,6837,,Vieron la landing (LPV),El cuello está en Vieron la landing (LPV) → Agregaron al carrito: 0.0% vs ~13.0% sano.,escalar:0 iterar:4 matar:0 pocaData:0
basycos,Basycos,2026-09-11..2026-10-05,ARS,649700.08,22,6.32,29532,,Vieron la landing (LPV),El cuello está en Vieron la landing (LPV) → Agregaron al carrito: 2.8% vs ~13.0% sano.,escalar:3 iterar:0 matar:0 pocaData:4
cloe,Cloe,2026-09-17..2026-10-01,USD,90.39,0,,,,Iniciaron el pago,El cuello está en Iniciaron el pago → Compraron: 0.0% vs ~45.0% sano.,escalar:0 iterar:0 matar:0 pocaData:6
