Nombre del anuncio,Inicio del informe,Importe gastado (USD),Impresiones,Alcance,Frecuencia,Clics en el enlace,Visitas a la página de destino,Artículos agregados al carrito,Pagos iniciados,Compras,Valor de conversión de compras,Reproducciones de video de 3 segundos,ThruPlays,Resultados
Anuncio mostrador b2b,2026-09-17,0.65,258,189,1.365079,2,2,1,0,0,0,1,0,0
Anuncio Keto b2b,2026-09-17,0.76,468,378,1.238095,3,0,0,0,0,0,0,0,0
Anuncio mostrador b2b,2026-09-18,0.67,155,131,1.183206,2,0,0,0,0,0,0,0,1
Anuncio Keto b2b,2026-09-18,1.35,466,328,1.420732,4,0,1,0,0,0,0,0,1
Ad_1,2026-09-18,2.01,901,539,1.671614,8,5,0,0,0,0,0,0,1
Ad_2,2026-09-18,1.27,606,459,1.320261,10,8,2,0,0,0,0,0,0
Ad_3,2026-09-18,0.89,421,356,1.182584,6,3,8,0,0,0,0,0,0
Ad_4,2026-09-18,0.23,183,166,1.10241,2,2,1,0,0,0,0,0,0
Anuncio mostrador b2b,2026-09-19,0.97,231,158,1.462025,3,0,0,0,0,0,0,0,0
Anuncio Keto b2b,2026-09-19,2.83,1183,931,1.270677,15,0,0,0,0,0,0,0,5
Ad_1,2026-09-19,0,0,0,0,0,0,0,0,0,0,0,0,0
Ad_2,2026-09-19,4.26,2073,1456,1.423764,28,21,6,0,0,0,0,0,0
Ad_3,2026-09-19,1.43,768,631,1.217116,13,10,5,0,0,0,0,0,0
Ad_4,2026-09-19,2,1181,869,1.359033,8,9,7,0,0,0,0,0,0
Anuncio mostrador b2b,2026-09-20,0.38,131,81,1.617284,1,0,0,0,0,0,0,0,0
Anuncio Keto b2b,2026-09-20,2.21,815,628,1.297771,7,0,0,0,0,0,0,0,1
Ad_2,2026-09-20,6.54,1844,1249,1.476381,32,27,22,0,0,0,0,0,0
Ad_3,2026-09-20,0.03,3,3,1,0,0,0,0,0,0,0,0,0
Ad_4,2026-09-20,0.11,110,97,1.134021,2,2,1,0,0,0,0,0,0
Anuncio mostrador b2b,2026-09-21,0.81,172,118,1.457627,1,0,0,0,0,0,1,0,0
Anuncio Keto b2b,2026-09-21,3.53,1075,775,1.387097,5,0,0,0,0,0,0,0,3
Ad_1,2026-09-21,0.05,9,9,1,0,0,0,0,0,0,0,0,0
Ad_2,2026-09-21,9.02,2090,1343,1.556217,28,28,36,0,0,0,0,0,0
Ad_4,2026-09-21,0,2,2,1,0,0,0,0,0,0,0,0,0
Anuncio mostrador b2b,2026-09-22,1.12,167,150,1.113333,4,0,0,0,0,0,3,1,1
Anuncio Keto b2b,2026-09-22,3.2,865,728,1.188187,14,0,2,0,0,0,0,0,3
Ad_1,2026-09-22,0.19,184,177,1.039548,8,4,2,0,0,0,0,0,0
Ad_2,2026-09-22,4.54,787,674,1.167656,18,17,12,0,0,0,0,0,0
Ad_3,2026-09-22,0.53,166,156,1.064103,7,7,4,0,0,0,0,0,0
Ad_4,2026-09-22,0.12,61,56,1.089286,2,1,1,0,0,0,0,0,0
Anuncio mostrador b2b,2026-09-23,0.67,122,106,1.150943,1,0,0,0,0,0,2,0,1
Anuncio Keto b2b,2026-09-23,2.89,768,628,1.22293,17,0,3,0,0,0,0,0,14
Ad_1,2026-09-23,0.17,33,29,1.137931,1,1,2,0,0,0,0,0,0
Ad_2,2026-09-23,8.92,1132,901,1.256382,50,49,44,0,0,0,0,0,0
Ad_3,2026-09-23,0.11,28,27,1.037037,0,0,0,0,0,0,0,0,0
Ad_4,2026-09-23,0.01,4,4,1,0,0,0,0,0,0,0,0,0
Anuncio mostrador b2b,2026-09-24,0.5,78,72,1.083333,1,0,0,0,0,0,0,0,1
Anuncio Keto b2b,2026-09-24,2.07,558,492,1.134146,8,0,1,0,0,0,0,0,4
Ad_1,2026-09-24,0,4,4,1,1,0,1,1,0,0,0,0,0
Ad_2,2026-09-24,7.78,821,635,1.292913,26,21,23,0,0,0,0,0,1
Ad_3,2026-09-24,0.12,13,13,1,0,0,0,0,0,0,0,0,0
Ad_4,2026-09-24,0,2,2,1,0,0,0,0,0,0,0,0,0
Anuncio mostrador b2b,2026-09-25,0.32,100,93,1.075269,3,0,0,0,0,0,0,0,1
Anuncio Keto b2b,2026-09-25,1.6,497,412,1.206311,5,0,3,0,0,0,0,0,4
Ad_2,2026-09-25,0.91,123,115,1.069565,5,3,4,0,0,0,0,0,0
Anuncio mostrador b2b,2026-09-26,0.3,94,82,1.146341,1,0,0,0,0,0,2,0,0
Anuncio Keto b2b,2026-09-26,1.29,460,422,1.090047,6,0,2,0,0,0,0,0,2
Ad_1,2026-09-26,0,0,0,0,0,0,0,0,0,0,0,0,1
Anuncio mostrador b2b,2026-09-27,0.59,100,87,1.149425,2,0,0,0,0,0,0,0,2
Anuncio Keto b2b,2026-09-27,3.22,780,676,1.153846,14,0,1,0,0,0,0,0,7
