"Inicio del informe","Fin del informe","Nombre del anuncio","Entrega del anuncio",Resultados,"Indicador de resultado","Costo por resultados","Presupuesto del conjunto de anuncios","Tipo de presupuesto del conjunto de anuncios","Importe gastado (ARS)",Impresiones,Alcance,Finalización,"Configuración de atribución",Puja,"Tipo de puja","Último cambio significativo","Clasificación de calidad","Clasificación del porcentaje de interacción","Clasificación del porcentaje de conversiones","Nombre del conjunto de anuncios","ROAS de resultados","Indicador de ROAS de resultado","CPM (costo por mil impresiones) (ARS)","CTR único (porcentaje de clics en el enlace)","Visitas a la página de destino","Artículos agregados al carrito","Pagos iniciados","Información de pago agregada",Compras,"Valor de conversión de compras","Valor de conversión de compras promedio [Todas las conversiones de la atribución incremental]",Frecuencia,"Clics en el enlace","Reproducciones de video de 3 segundos","Tiempo promedio de reproducción del video","Reproducciones de video hasta el 25%","Reproducciones de video hasta el 50%","Reproducciones de video hasta el 75%","Reproducciones de video hasta el 100%",ThruPlays,"CTR (porcentaje de clics en el enlace)","CTR único (todos)","CTR (todos)","CPC (costo por clic en el enlace) (ARS)","Resultados (iniciales)","Indicador de resultados (iniciales)"
2026-08-25,2026-08-25,Catalogo_5,active,,,,20000,Diario,6020.16,1318,1019,"En curso","7 días tras clic, 1 día tras visualización o 1 día tras visualización activa",0,ABSOLUTE_OCPM,2026-08-20T13:38:17-0300,-,-,-,Alba&Co_2026_Conversiones_Purchase_Adv+,,,4567.647951,2.845927,25,1,,,,,,1.293425,33,42,1,101,49,33,23,23,2.503794,3.43474,3.566009,182.429091,,
2026-08-25,2026-08-25,Catalogo_Karla,active,,,,20000,Diario,448.2,47,39,"En curso","7 días tras clic, 1 día tras visualización o 1 día tras visualización activa",0,ABSOLUTE_OCPM,2026-08-20T13:38:17-0300,-,-,-,Alba&Co_2026_Conversiones_Purchase_Adv+,,,9536.170213,2.564103,1,4,,,,,,1.205128,1,4,9,2,1,1,,2,2.12766,2.564103,2.12766,448.2,,
2026-08-25,2026-08-25,"Catalogo_4 ¿Es un varón?",active,,,,20000,Diario,1305.22,252,222,"En curso","7 días tras clic, 1 día tras visualización o 1 día tras visualización activa",0,ABSOLUTE_OCPM,2026-08-20T13:38:17-0300,-,-,-,Alba&Co_2026_Conversiones_Purchase_Adv+,,,5179.444444,5.855856,12,1,,,,,,1.135135,14,44,2,34,16,7,2,5,5.555556,7.657658,7.936508,93.23,,
2026-08-25,2026-08-25,Catalogo_3,active,1,actions:offsite_conversion.fb_pixel_purchase,15630.19,20000,Diario,15630.19,4522,3891,"En curso","7 días tras clic, 1 día tras visualización o 1 día tras visualización activa",0,ABSOLUTE_OCPM,2026-08-20T13:38:17-0300,-,-,-,Alba&Co_2026_Conversiones_Purchase_Adv+,6.07798114,action_values:offsite_conversion.fb_pixel_purchase,3456.477222,2.33873,82,11,1,1,1,95000,95000,1.162169,99,526,1,381,184,96,61,62,2.189297,3.572346,3.869969,157.880707,,
2026-08-25,2026-08-25,Catalogo_2,active,,,,20000,Diario,54.02,17,15,"En curso","7 días tras clic, 1 día tras visualización o 1 día tras visualización activa",0,ABSOLUTE_OCPM,2026-08-20T13:38:17-0300,-,-,-,Alba&Co_2026_Conversiones_Purchase_Adv+,,,3177.647059,0,,,,,,,,1.133333,,,1,,,,,,,0,0,,,
2026-08-25,2026-08-25,Catalogo_1,active,,,,20000,Diario,0,0,0,"En curso","7 días tras clic, 1 día tras visualización o 1 día tras visualización activa",0,ABSOLUTE_OCPM,2026-08-20T13:38:17-0300,-,-,-,Alba&Co_2026_Conversiones_Purchase_Adv+,,,0,0,,,,,,,,0,,,00:00:00,,,,,,,0,0,,,
2026-08-24,2026-08-24,Catalogo_5,active,,,,20000,Diario,2564.46,559,461,"En curso","7 días tras clic, 1 día tras visualización o 1 día tras visualización activa",0,ABSOLUTE_OCPM,2026-08-20T13:38:17-0300,-,-,-,Alba&Co_2026_Conversiones_Purchase_Adv+,,,4587.584973,2.819957,10,5,,,,,,1.212581,13,24,1,45,25,16,13,13,2.325581,3.687636,3.220036,197.266154,,
2026-08-24,2026-08-24,Catalogo_Karla,active,,,,20000,Diario,936.73,212,187,"En curso","7 días tras clic, 1 día tras visualización o 1 día tras visualización activa",0,ABSOLUTE_OCPM,2026-08-20T13:38:17-0300,-,-,-,Alba&Co_2026_Conversiones_Purchase_Adv+,,,4418.537736,3.208556,6,,,,,,,1.13369,7,9,20,5,2,2,2,2,3.301887,3.208556,4.245283,133.818571,,
2026-08-24,2026-08-24,"Catalogo_4 ¿Es un varón?",active,,,,20000,Diario,1608.83,217,173,"En curso","7 días tras clic, 1 día tras visualización o 1 día tras visualización activa",0,ABSOLUTE_OCPM,2026-08-20T13:38:17-0300,-,-,-,Alba&Co_2026_Conversiones_Purchase_Adv+,,,7413.963134,2.890173,6,,,,,,,1.254335,8,24,3,17,11,8,4,5,3.686636,4.046243,4.608295,201.10375,,
2026-08-24,2026-08-24,Catalogo_3,active,,,,20000,Diario,4914.53,1339,1138,"En curso","7 días tras clic, 1 día tras visualización o 1 día tras visualización activa",0,ABSOLUTE_OCPM,2026-08-20T13:38:17-0300,-,-,-,Alba&Co_2026_Conversiones_Purchase_Adv+,,,3670.29873,1.581722,18,8,1,,,,,1.176626,19,114,1,84,44,24,13,13,1.418969,2.987698,3.211352,258.659474,,
2026-08-24,2026-08-24,Catalogo_2,active,,,,20000,Diario,291.5,15,11,"En curso","7 días tras clic, 1 día tras visualización o 1 día tras visualización activa",0,ABSOLUTE_OCPM,2026-08-20T13:38:17-0300,-,-,-,Alba&Co_2026_Conversiones_Purchase_Adv+,,,19433.333333,9.090909,1,,,,,,,1.363636,1,1,1,1,,,,,6.666667,9.090909,6.666667,291.5,,
2026-08-24,2026-08-24,Catalogo_1,active,,,,20000,Diario,219.84,18,11,"En curso","7 días tras clic, 1 día tras visualización o 1 día tras visualización activa",0,ABSOLUTE_OCPM,2026-08-20T13:38:17-0300,-,-,-,Alba&Co_2026_Conversiones_Purchase_Adv+,,,12213.333333,9.090909,,,,,,,,1.636364,2,2,6,2,2,1,1,1,11.111111,18.181818,22.222222,109.92,,
2026-08-23,2026-08-23,Catalogo_5,active,,,,20000,Diario,0,0,0,"En curso","7 días tras clic, 1 día tras visualización o 1 día tras visualización activa",0,ABSOLUTE_OCPM,2026-08-20T13:38:17-0300,-,-,-,Alba&Co_2026_Conversiones_Purchase_Adv+,,,0,0,,,,,,,,0,,,00:00:00,,,,,,,0,0,,,
2026-08-23,2026-08-23,Catalogo_Karla,active,,,,20000,Diario,0,0,0,"En curso","7 días tras clic, 1 día tras visualización o 1 día tras visualización activa",0,ABSOLUTE_OCPM,2026-08-20T13:38:17-0300,-,-,-,Alba&Co_2026_Conversiones_Purchase_Adv+,,,0,0,,,,,,,,0,,,00:00:00,,,,,,,0,0,,,
2026-08-23,2026-08-23,"Catalogo_4 ¿Es un varón?",active,,,,20000,Diario,0,0,0,"En curso","7 días tras clic, 1 día tras visualización o 1 día tras visualización activa",0,ABSOLUTE_OCPM,2026-08-20T13:38:17-0300,-,-,-,Alba&Co_2026_Conversiones_Purchase_Adv+,,,0,0,,,,,,,,0,,,00:00:00,,,,,,,0,0,,,
2026-08-23,2026-08-23,Catalogo_3,active,,,,20000,Diario,21928.2,6838,5979,"En curso","7 días tras clic, 1 día tras visualización o 1 día tras visualización activa",0,ABSOLUTE_OCPM,2026-08-20T13:38:17-0300,-,-,-,Alba&Co_2026_Conversiones_Purchase_Adv+,,,3206.814858,1.789597,105,6,4,,1,,,1.14367,114,737,1,517,278,150,83,88,1.667154,3.211239,3.568295,192.352632,,
2026-08-23,2026-08-23,Catalogo_2,active,,,,20000,Diario,476.75,67,63,"En curso","7 días tras clic, 1 día tras visualización o 1 día tras visualización activa",0,ABSOLUTE_OCPM,2026-08-20T13:38:17-0300,-,-,-,Alba&Co_2026_Conversiones_Purchase_Adv+,,,7115.671642,3.174603,2,,,,,,,1.063492,2,6,1,6,2,1,1,1,2.985075,4.761905,5.970149,238.375,,
2026-08-23,2026-08-23,Catalogo_1,active,,,,20000,Diario,0,0,0,"En curso","7 días tras clic, 1 día tras visualización o 1 día tras visualización activa",0,ABSOLUTE_OCPM,2026-08-20T13:38:17-0300,-,-,-,Alba&Co_2026_Conversiones_Purchase_Adv+,,,0,0,,,,,,,,0,,,00:00:00,,,,,,,0,0,,,
2026-08-22,2026-08-22,Catalogo_5,active,,,,20000,Diario,0,0,0,"En curso","7 días tras clic, 1 día tras visualización o 1 día tras visualización activa",0,ABSOLUTE_OCPM,2026-08-20T13:38:17-0300,-,-,-,Alba&Co_2026_Conversiones_Purchase_Adv+,,,0,0,,,,,,,,0,,,00:00:00,,,,,,,0,0,,,
2026-08-22,2026-08-22,Catalogo_Karla,active,,,,20000,Diario,0,0,0,"En curso","7 días tras clic, 1 día tras visualización o 1 día tras visualización activa",0,ABSOLUTE_OCPM,2026-08-20T13:38:17-0300,-,-,-,Alba&Co_2026_Conversiones_Purchase_Adv+,,,0,0,,,,,,,,0,,,00:00:00,,,,,,,0,0,,,
2026-08-22,2026-08-22,"Catalogo_4 ¿Es un varón?",active,,,,20000,Diario,0,0,0,"En curso","7 días tras clic, 1 día tras visualización o 1 día tras visualización activa",0,ABSOLUTE_OCPM,2026-08-20T13:38:17-0300,-,-,-,Alba&Co_2026_Conversiones_Purchase_Adv+,,,0,0,,,,,,,,0,,,00:00:00,,,,,,,0,0,,,
2026-08-22,2026-08-22,Catalogo_3,active,1,actions:offsite_conversion.fb_pixel_purchase,13794.88,20000,Diario,13794.88,3608,3232,"En curso","7 días tras clic, 1 día tras visualización o 1 día tras visualización activa",0,ABSOLUTE_OCPM,2026-08-20T13:38:17-0300,-,-,-,Alba&Co_2026_Conversiones_Purchase_Adv+,3.33834002,action_values:offsite_conversion.fb_pixel_purchase,3823.414634,2.660891,107,9,1,1,1,46052,46052,1.116337,87,540,2,394,194,101,58,61,2.411308,4.517327,4.905765,158.561839,,
2026-08-22,2026-08-22,Catalogo_2,active,,,,20000,Diario,402.27,72,64,"En curso","7 días tras clic, 1 día tras visualización o 1 día tras visualización activa",0,ABSOLUTE_OCPM,2026-08-20T13:38:17-0300,-,-,-,Alba&Co_2026_Conversiones_Purchase_Adv+,,,5587.083333,4.6875,3,,,,,,,1.125,3,7,2,7,4,3,2,2,4.166667,6.25,8.333333,134.09,,
2026-08-22,2026-08-22,Catalogo_1,active,,,,20000,Diario,33.38,7,6,"En curso","7 días tras clic, 1 día tras visualización o 1 día tras visualización activa",0,ABSOLUTE_OCPM,2026-08-20T13:38:17-0300,-,-,-,Alba&Co_2026_Conversiones_Purchase_Adv+,,,4768.571429,0,,,,,,,,1.166667,,4,8,4,3,3,2,2,,0,0,,,
2026-08-21,2026-08-21,Catalogo_5,active,,,,20000,Diario,0,0,0,"En curso","7 días tras clic, 1 día tras visualización o 1 día tras visualización activa",0,ABSOLUTE_OCPM,2026-08-20T13:38:17-0300,-,-,-,Alba&Co_2026_Conversiones_Purchase_Adv+,,,0,0,,,,,,,,0,,,00:00:00,,,,,,,0,0,,,
2026-08-21,2026-08-21,Catalogo_Karla,active,,,,20000,Diario,0,0,0,"En curso","7 días tras clic, 1 día tras visualización o 1 día tras visualización activa",0,ABSOLUTE_OCPM,2026-08-20T13:38:17-0300,-,-,-,Alba&Co_2026_Conversiones_Purchase_Adv+,,,0,0,,,,,,,,0,,,00:00:00,,,,,,,0,0,,,
2026-08-21,2026-08-21,"Catalogo_4 ¿Es un varón?",active,,,,20000,Diario,0,0,0,"En curso","7 días tras clic, 1 día tras visualización o 1 día tras visualización activa",0,ABSOLUTE_OCPM,2026-08-20T13:38:17-0300,-,-,-,Alba&Co_2026_Conversiones_Purchase_Adv+,,,0,0,,,,,,,,0,,,00:00:00,,,,,,,0,0,,,
2026-08-21,2026-08-21,Catalogo_3,active,3,actions:offsite_conversion.fb_pixel_purchase,7589.46333333,20000,Diario,22768.39,5294,4660,"En curso","7 días tras clic, 1 día tras visualización o 1 día tras visualización activa",0,ABSOLUTE_OCPM,2026-08-20T13:38:17-0300,-,-,-,Alba&Co_2026_Conversiones_Purchase_Adv+,10.18056832,action_values:offsite_conversion.fb_pixel_purchase,4300.791462,2.553648,130,33,7,3,3,231795.15,77265.05,1.136052,132,780,2,583,288,144,76,81,2.493389,4.141631,4.948999,172.487803,,
2026-08-21,2026-08-21,Catalogo_2,active,,,,20000,Diario,375.1,60,48,"En curso","7 días tras clic, 1 día tras visualización o 1 día tras visualización activa",0,ABSOLUTE_OCPM,2026-08-20T13:38:17-0300,-,-,-,Alba&Co_2026_Conversiones_Purchase_Adv+,,,6251.666667,0,,,,,,,,1.25,,2,1,2,2,1,,,,4.166667,3.333333,,,
2026-08-21,2026-08-21,Catalogo_1,active,1,actions:offsite_conversion.fb_pixel_purchase,100.09,20000,Diario,100.09,16,9,"En curso","7 días tras clic, 1 día tras visualización o 1 día tras visualización activa",0,ABSOLUTE_OCPM,2026-08-20T13:38:17-0300,-,-,-,Alba&Co_2026_Conversiones_Purchase_Adv+,515.53601758,action_values:offsite_conversion.fb_pixel_purchase,6255.625,11.111111,1,5,1,1,1,51600,51600,1.777778,1,3,3,3,1,1,1,1,6.25,22.222222,12.5,100.09,,
2026-08-20,2026-08-20,Catalogo_5,active,,,,20000,Diario,0,0,0,"En curso","7 días tras clic, 1 día tras visualización o 1 día tras visualización activa",0,ABSOLUTE_OCPM,2026-08-20T13:38:17-0300,-,-,-,Alba&Co_2026_Conversiones_Purchase_Adv+,,,0,0,,,,,,,,0,,,00:00:00,,,,,,,0,0,,,
2026-08-20,2026-08-20,Catalogo_Karla,active,,,,20000,Diario,0,0,0,"En curso","7 días tras clic, 1 día tras visualización o 1 día tras visualización activa",0,ABSOLUTE_OCPM,2026-08-20T13:38:17-0300,-,-,-,Alba&Co_2026_Conversiones_Purchase_Adv+,,,0,0,,,,,,,,0,,,00:00:00,,,,,,,0,0,,,
2026-08-20,2026-08-20,"Catalogo_4 ¿Es un varón?",active,,,,20000,Diario,0,0,0,"En curso","7 días tras clic, 1 día tras visualización o 1 día tras visualización activa",0,ABSOLUTE_OCPM,2026-08-20T13:38:17-0300,-,-,-,Alba&Co_2026_Conversiones_Purchase_Adv+,,,0,0,,,,,,,,0,,,00:00:00,,,,,,,0,0,,,
2026-08-20,2026-08-20,Catalogo_3,active,1,actions:offsite_conversion.fb_pixel_purchase,9219.13,20000,Diario,9219.13,2959,2784,"En curso","7 días tras clic, 1 día tras visualización o 1 día tras visualización activa",0,ABSOLUTE_OCPM,2026-08-20T13:38:17-0300,-,-,-,Alba&Co_2026_Conversiones_Purchase_Adv+,3.49461392,action_values:offsite_conversion.fb_pixel_purchase,3115.623521,2.837644,76,8,2,1,1,32217.3,32217.3,1.062859,85,532,2,360,187,103,60,61,2.872592,4.310345,5.272051,108.460353,,
2026-08-20,2026-08-20,Catalogo_2,active,,,,20000,Diario,1357.75,290,261,"En curso","7 días tras clic, 1 día tras visualización o 1 día tras visualización activa",0,ABSOLUTE_OCPM,2026-08-20T13:38:17-0300,-,-,-,Alba&Co_2026_Conversiones_Purchase_Adv+,,,4681.896552,1.149425,3,,,,,,,1.111111,3,50,2,42,24,19,15,14,1.034483,2.298851,2.413793,452.583333,,
2026-08-20,2026-08-20,Catalogo_1,active,,,,20000,Diario,494.57,91,70,"En curso","7 días tras clic, 1 día tras visualización o 1 día tras visualización activa",0,ABSOLUTE_OCPM,2026-08-20T13:38:17-0300,-,-,-,Alba&Co_2026_Conversiones_Purchase_Adv+,,,5434.835165,4.285714,3,,,,,,,1.3,3,27,3,30,12,7,4,4,3.296703,5.714286,4.395604,164.856667,,
2026-08-19,2026-08-19,Catalogo_5,active,,,,20000,Diario,0,0,0,"En curso","7 días tras clic, 1 día tras visualización o 1 día tras visualización activa",0,ABSOLUTE_OCPM,2026-08-20T13:38:17-0300,-,-,-,Alba&Co_2026_Conversiones_Purchase_Adv+,,,0,0,,,,,,,,0,,,00:00:00,,,,,,,0,0,,,
2026-08-19,2026-08-19,Catalogo_Karla,active,,,,20000,Diario,0,0,0,"En curso","7 días tras clic, 1 día tras visualización o 1 día tras visualización activa",0,ABSOLUTE_OCPM,2026-08-20T13:38:17-0300,-,-,-,Alba&Co_2026_Conversiones_Purchase_Adv+,,,0,0,,,,,,,,0,,,00:00:00,,,,,,,0,0,,,
2026-08-19,2026-08-19,"Catalogo_4 ¿Es un varón?",active,,,,20000,Diario,0,0,0,"En curso","7 días tras clic, 1 día tras visualización o 1 día tras visualización activa",0,ABSOLUTE_OCPM,2026-08-20T13:38:17-0300,-,-,-,Alba&Co_2026_Conversiones_Purchase_Adv+,,,0,0,,,,,,,,0,,,00:00:00,,,,,,,0,0,,,
2026-08-19,2026-08-19,Catalogo_3,active,,,,20000,Diario,0,0,0,"En curso","7 días tras clic, 1 día tras visualización o 1 día tras visualización activa",0,ABSOLUTE_OCPM,2026-08-20T13:38:17-0300,-,-,-,Alba&Co_2026_Conversiones_Purchase_Adv+,,,0,0,,,,,,,,0,,,00:00:00,,,,,,,0,0,,,
2026-08-19,2026-08-19,Catalogo_2,active,,,,20000,Diario,0,0,0,"En curso","7 días tras clic, 1 día tras visualización o 1 día tras visualización activa",0,ABSOLUTE_OCPM,2026-08-20T13:38:17-0300,-,-,-,Alba&Co_2026_Conversiones_Purchase_Adv+,,,0,0,,,,,,,,0,,,00:00:00,,,,,,,0,0,,,
2026-08-19,2026-08-19,Catalogo_1,active,,,,20000,Diario,0,0,0,"En curso","7 días tras clic, 1 día tras visualización o 1 día tras visualización activa",0,ABSOLUTE_OCPM,2026-08-20T13:38:17-0300,-,-,-,Alba&Co_2026_Conversiones_Purchase_Adv+,,,0,0,,,,,,,,0,,,00:00:00,,,,,,,0,0,,,
2026-08-18,2026-08-18,Catalogo_5,active,,,,20000,Diario,0,0,0,"En curso","7 días tras clic, 1 día tras visualización o 1 día tras visualización activa",0,ABSOLUTE_OCPM,2026-08-20T13:38:17-0300,-,-,-,Alba&Co_2026_Conversiones_Purchase_Adv+,,,0,0,,,,,,,,0,,,00:00:00,,,,,,,0,0,,,
2026-08-18,2026-08-18,Catalogo_Karla,active,,,,20000,Diario,0,0,0,"En curso","7 días tras clic, 1 día tras visualización o 1 día tras visualización activa",0,ABSOLUTE_OCPM,2026-08-20T13:38:17-0300,-,-,-,Alba&Co_2026_Conversiones_Purchase_Adv+,,,0,0,,,,,,,,0,,,00:00:00,,,,,,,0,0,,,
2026-08-18,2026-08-18,"Catalogo_4 ¿Es un varón?",active,,,,20000,Diario,0,0,0,"En curso","7 días tras clic, 1 día tras visualización o 1 día tras visualización activa",0,ABSOLUTE_OCPM,2026-08-20T13:38:17-0300,-,-,-,Alba&Co_2026_Conversiones_Purchase_Adv+,,,0,0,,,,,,,,0,,,00:00:00,,,,,,,0,0,,,
2026-08-18,2026-08-18,Catalogo_3,active,,,,20000,Diario,0,0,0,"En curso","7 días tras clic, 1 día tras visualización o 1 día tras visualización activa",0,ABSOLUTE_OCPM,2026-08-20T13:38:17-0300,-,-,-,Alba&Co_2026_Conversiones_Purchase_Adv+,,,0,0,,,,,,,,0,,,00:00:00,,,,,,,0,0,,,
2026-08-18,2026-08-18,Catalogo_2,active,,,,20000,Diario,0,0,0,"En curso","7 días tras clic, 1 día tras visualización o 1 día tras visualización activa",0,ABSOLUTE_OCPM,2026-08-20T13:38:17-0300,-,-,-,Alba&Co_2026_Conversiones_Purchase_Adv+,,,0,0,,,,,,,,0,,,00:00:00,,,,,,,0,0,,,
2026-08-18,2026-08-18,Catalogo_1,active,,,,20000,Diario,0,0,0,"En curso","7 días tras clic, 1 día tras visualización o 1 día tras visualización activa",0,ABSOLUTE_OCPM,2026-08-20T13:38:17-0300,-,-,-,Alba&Co_2026_Conversiones_Purchase_Adv+,,,0,0,,,,,,,,0,,,00:00:00,,,,,,,0,0,,,
2026-08-17,2026-08-17,Catalogo_5,active,,,,20000,Diario,0,0,0,"En curso","7 días tras clic, 1 día tras visualización o 1 día tras visualización activa",0,ABSOLUTE_OCPM,2026-08-20T13:38:17-0300,-,-,-,Alba&Co_2026_Conversiones_Purchase_Adv+,,,0,0,,,,,,,,0,,,00:00:00,,,,,,,0,0,,,
2026-08-17,2026-08-17,Catalogo_Karla,active,,,,20000,Diario,0,0,0,"En curso","7 días tras clic, 1 día tras visualización o 1 día tras visualización activa",0,ABSOLUTE_OCPM,2026-08-20T13:38:17-0300,-,-,-,Alba&Co_2026_Conversiones_Purchase_Adv+,,,0,0,,,,,,,,0,,,00:00:00,,,,,,,0,0,,,
2026-08-17,2026-08-17,"Catalogo_4 ¿Es un varón?",active,,,,20000,Diario,0,0,0,"En curso","7 días tras clic, 1 día tras visualización o 1 día tras visualización activa",0,ABSOLUTE_OCPM,2026-08-20T13:38:17-0300,-,-,-,Alba&Co_2026_Conversiones_Purchase_Adv+,,,0,0,,,,,,,,0,,,00:00:00,,,,,,,0,0,,,
2026-08-17,2026-08-17,Catalogo_3,active,,,,20000,Diario,0,0,0,"En curso","7 días tras clic, 1 día tras visualización o 1 día tras visualización activa",0,ABSOLUTE_OCPM,2026-08-20T13:38:17-0300,-,-,-,Alba&Co_2026_Conversiones_Purchase_Adv+,,,0,0,,,,,,,,0,,,00:00:00,,,,,,,0,0,,,
2026-08-17,2026-08-17,Catalogo_2,active,,,,20000,Diario,0,0,0,"En curso","7 días tras clic, 1 día tras visualización o 1 día tras visualización activa",0,ABSOLUTE_OCPM,2026-08-20T13:38:17-0300,-,-,-,Alba&Co_2026_Conversiones_Purchase_Adv+,,,0,0,,,,,,,,0,,,00:00:00,,,,,,,0,0,,,
2026-08-17,2026-08-17,Catalogo_1,active,,,,20000,Diario,0,0,0,"En curso","7 días tras clic, 1 día tras visualización o 1 día tras visualización activa",0,ABSOLUTE_OCPM,2026-08-20T13:38:17-0300,-,-,-,Alba&Co_2026_Conversiones_Purchase_Adv+,,,0,0,,,,,,,,0,,,00:00:00,,,,,,,0,0,,,
2026-08-16,2026-08-16,Catalogo_5,active,,,,20000,Diario,0,0,0,"En curso","7 días tras clic, 1 día tras visualización o 1 día tras visualización activa",0,ABSOLUTE_OCPM,2026-08-20T13:38:17-0300,-,-,-,Alba&Co_2026_Conversiones_Purchase_Adv+,,,0,0,,,,,,,,0,,,00:00:00,,,,,,,0,0,,,
2026-08-16,2026-08-16,Catalogo_Karla,active,,,,20000,Diario,0,0,0,"En curso","7 días tras clic, 1 día tras visualización o 1 día tras visualización activa",0,ABSOLUTE_OCPM,2026-08-20T13:38:17-0300,-,-,-,Alba&Co_2026_Conversiones_Purchase_Adv+,,,0,0,,,,,,,,0,,,00:00:00,,,,,,,0,0,,,
2026-08-16,2026-08-16,"Catalogo_4 ¿Es un varón?",active,,,,20000,Diario,0,0,0,"En curso","7 días tras clic, 1 día tras visualización o 1 día tras visualización activa",0,ABSOLUTE_OCPM,2026-08-20T13:38:17-0300,-,-,-,Alba&Co_2026_Conversiones_Purchase_Adv+,,,0,0,,,,,,,,0,,,00:00:00,,,,,,,0,0,,,
2026-08-16,2026-08-16,Catalogo_3,active,,,,20000,Diario,0,0,0,"En curso","7 días tras clic, 1 día tras visualización o 1 día tras visualización activa",0,ABSOLUTE_OCPM,2026-08-20T13:38:17-0300,-,-,-,Alba&Co_2026_Conversiones_Purchase_Adv+,,,0,0,,,,,,,,0,,,00:00:00,,,,,,,0,0,,,
2026-08-16,2026-08-16,Catalogo_2,active,,,,20000,Diario,0,0,0,"En curso","7 días tras clic, 1 día tras visualización o 1 día tras visualización activa",0,ABSOLUTE_OCPM,2026-08-20T13:38:17-0300,-,-,-,Alba&Co_2026_Conversiones_Purchase_Adv+,,,0,0,,,,,,,,0,,,00:00:00,,,,,,,0,0,,,
2026-08-16,2026-08-16,Catalogo_1,active,,,,20000,Diario,0,0,0,"En curso","7 días tras clic, 1 día tras visualización o 1 día tras visualización activa",0,ABSOLUTE_OCPM,2026-08-20T13:38:17-0300,-,-,-,Alba&Co_2026_Conversiones_Purchase_Adv+,,,0,0,,,,,,,,0,,,00:00:00,,,,,,,0,0,,,
2026-08-15,2026-08-15,Catalogo_5,active,,,,20000,Diario,0,0,0,"En curso","7 días tras clic, 1 día tras visualización o 1 día tras visualización activa",0,ABSOLUTE_OCPM,2026-08-20T13:38:17-0300,-,-,-,Alba&Co_2026_Conversiones_Purchase_Adv+,,,0,0,,,,,,,,0,,,00:00:00,,,,,,,0,0,,,
2026-08-15,2026-08-15,Catalogo_Karla,active,,,,20000,Diario,0,0,0,"En curso","7 días tras clic, 1 día tras visualización o 1 día tras visualización activa",0,ABSOLUTE_OCPM,2026-08-20T13:38:17-0300,-,-,-,Alba&Co_2026_Conversiones_Purchase_Adv+,,,0,0,,,,,,,,0,,,00:00:00,,,,,,,0,0,,,
2026-08-15,2026-08-15,"Catalogo_4 ¿Es un varón?",active,,,,20000,Diario,0,0,0,"En curso","7 días tras clic, 1 día tras visualización o 1 día tras visualización activa",0,ABSOLUTE_OCPM,2026-08-20T13:38:17-0300,-,-,-,Alba&Co_2026_Conversiones_Purchase_Adv+,,,0,0,,,,,,,,0,,,00:00:00,,,,,,,0,0,,,
2026-08-15,2026-08-15,Catalogo_3,active,,,,20000,Diario,0,0,0,"En curso","7 días tras clic, 1 día tras visualización o 1 día tras visualización activa",0,ABSOLUTE_OCPM,2026-08-20T13:38:17-0300,-,-,-,Alba&Co_2026_Conversiones_Purchase_Adv+,,,0,0,,,,,,,,0,,,00:00:00,,,,,,,0,0,,,
2026-08-15,2026-08-15,Catalogo_2,active,,,,20000,Diario,0,0,0,"En curso","7 días tras clic, 1 día tras visualización o 1 día tras visualización activa",0,ABSOLUTE_OCPM,2026-08-20T13:38:17-0300,-,-,-,Alba&Co_2026_Conversiones_Purchase_Adv+,,,0,0,,,,,,,,0,,,00:00:00,,,,,,,0,0,,,
2026-08-15,2026-08-15,Catalogo_1,active,,,,20000,Diario,0,0,0,"En curso","7 días tras clic, 1 día tras visualización o 1 día tras visualización activa",0,ABSOLUTE_OCPM,2026-08-20T13:38:17-0300,-,-,-,Alba&Co_2026_Conversiones_Purchase_Adv+,,,0,0,,,,,,,,0,,,00:00:00,,,,,,,0,0,,,
2026-08-14,2026-08-14,Catalogo_5,active,,,,20000,Diario,0,0,0,"En curso","7 días tras clic, 1 día tras visualización o 1 día tras visualización activa",0,ABSOLUTE_OCPM,2026-08-20T13:38:17-0300,-,-,-,Alba&Co_2026_Conversiones_Purchase_Adv+,,,0,0,,,,,,,,0,,,00:00:00,,,,,,,0,0,,,
2026-08-14,2026-08-14,Catalogo_Karla,active,,,,20000,Diario,0,0,0,"En curso","7 días tras clic, 1 día tras visualización o 1 día tras visualización activa",0,ABSOLUTE_OCPM,2026-08-20T13:38:17-0300,-,-,-,Alba&Co_2026_Conversiones_Purchase_Adv+,,,0,0,,,,,,,,0,,,00:00:00,,,,,,,0,0,,,
2026-08-14,2026-08-14,"Catalogo_4 ¿Es un varón?",active,,,,20000,Diario,0,0,0,"En curso","7 días tras clic, 1 día tras visualización o 1 día tras visualización activa",0,ABSOLUTE_OCPM,2026-08-20T13:38:17-0300,-,-,-,Alba&Co_2026_Conversiones_Purchase_Adv+,,,0,0,,,,,,,,0,,,00:00:00,,,,,,,0,0,,,
2026-08-14,2026-08-14,Catalogo_3,active,,,,20000,Diario,0,0,0,"En curso","7 días tras clic, 1 día tras visualización o 1 día tras visualización activa",0,ABSOLUTE_OCPM,2026-08-20T13:38:17-0300,-,-,-,Alba&Co_2026_Conversiones_Purchase_Adv+,,,0,0,,,,,,,,0,,,00:00:00,,,,,,,0,0,,,
2026-08-14,2026-08-14,Catalogo_2,active,,,,20000,Diario,0,0,0,"En curso","7 días tras clic, 1 día tras visualización o 1 día tras visualización activa",0,ABSOLUTE_OCPM,2026-08-20T13:38:17-0300,-,-,-,Alba&Co_2026_Conversiones_Purchase_Adv+,,,0,0,,,,,,,,0,,,00:00:00,,,,,,,0,0,,,
2026-08-14,2026-08-14,Catalogo_1,active,,,,20000,Diario,0,0,0,"En curso","7 días tras clic, 1 día tras visualización o 1 día tras visualización activa",0,ABSOLUTE_OCPM,2026-08-20T13:38:17-0300,-,-,-,Alba&Co_2026_Conversiones_Purchase_Adv+,,,0,0,,,,,,,,0,,,00:00:00,,,,,,,0,0,,,
2026-08-13,2026-08-13,Catalogo_5,active,,,,20000,Diario,0,0,0,"En curso","7 días tras clic, 1 día tras visualización o 1 día tras visualización activa",0,ABSOLUTE_OCPM,2026-08-20T13:38:17-0300,-,-,-,Alba&Co_2026_Conversiones_Purchase_Adv+,,,0,0,,,,,,,,0,,,00:00:00,,,,,,,0,0,,,
2026-08-13,2026-08-13,Catalogo_Karla,active,,,,20000,Diario,0,0,0,"En curso","7 días tras clic, 1 día tras visualización o 1 día tras visualización activa",0,ABSOLUTE_OCPM,2026-08-20T13:38:17-0300,-,-,-,Alba&Co_2026_Conversiones_Purchase_Adv+,,,0,0,,,,,,,,0,,,00:00:00,,,,,,,0,0,,,
2026-08-13,2026-08-13,"Catalogo_4 ¿Es un varón?",active,,,,20000,Diario,0,0,0,"En curso","7 días tras clic, 1 día tras visualización o 1 día tras visualización activa",0,ABSOLUTE_OCPM,2026-08-20T13:38:17-0300,-,-,-,Alba&Co_2026_Conversiones_Purchase_Adv+,,,0,0,,,,,,,,0,,,00:00:00,,,,,,,0,0,,,
2026-08-13,2026-08-13,Catalogo_3,active,,,,20000,Diario,0,0,0,"En curso","7 días tras clic, 1 día tras visualización o 1 día tras visualización activa",0,ABSOLUTE_OCPM,2026-08-20T13:38:17-0300,-,-,-,Alba&Co_2026_Conversiones_Purchase_Adv+,,,0,0,,,,,,,,0,,,00:00:00,,,,,,,0,0,,,
2026-08-13,2026-08-13,Catalogo_2,active,,,,20000,Diario,0,0,0,"En curso","7 días tras clic, 1 día tras visualización o 1 día tras visualización activa",0,ABSOLUTE_OCPM,2026-08-20T13:38:17-0300,-,-,-,Alba&Co_2026_Conversiones_Purchase_Adv+,,,0,0,,,,,,,,0,,,00:00:00,,,,,,,0,0,,,
2026-08-13,2026-08-13,Catalogo_1,active,,,,20000,Diario,0,0,0,"En curso","7 días tras clic, 1 día tras visualización o 1 día tras visualización activa",0,ABSOLUTE_OCPM,2026-08-20T13:38:17-0300,-,-,-,Alba&Co_2026_Conversiones_Purchase_Adv+,,,0,0,,,,,,,,0,,,00:00:00,,,,,,,0,0,,,
2026-08-12,2026-08-12,Catalogo_5,active,,,,20000,Diario,0,0,0,"En curso","7 días tras clic, 1 día tras visualización o 1 día tras visualización activa",0,ABSOLUTE_OCPM,2026-08-20T13:38:17-0300,-,-,-,Alba&Co_2026_Conversiones_Purchase_Adv+,,,0,0,,,,,,,,0,,,00:00:00,,,,,,,0,0,,,
2026-08-12,2026-08-12,Catalogo_Karla,active,,,,20000,Diario,0,0,0,"En curso","7 días tras clic, 1 día tras visualización o 1 día tras visualización activa",0,ABSOLUTE_OCPM,2026-08-20T13:38:17-0300,-,-,-,Alba&Co_2026_Conversiones_Purchase_Adv+,,,0,0,,,,,,,,0,,,00:00:00,,,,,,,0,0,,,
2026-08-12,2026-08-12,"Catalogo_4 ¿Es un varón?",active,,,,20000,Diario,0,0,0,"En curso","7 días tras clic, 1 día tras visualización o 1 día tras visualización activa",0,ABSOLUTE_OCPM,2026-08-20T13:38:17-0300,-,-,-,Alba&Co_2026_Conversiones_Purchase_Adv+,,,0,0,,,,,,,,0,,,00:00:00,,,,,,,0,0,,,
2026-08-12,2026-08-12,Catalogo_3,active,,,,20000,Diario,0,0,0,"En curso","7 días tras clic, 1 día tras visualización o 1 día tras visualización activa",0,ABSOLUTE_OCPM,2026-08-20T13:38:17-0300,-,-,-,Alba&Co_2026_Conversiones_Purchase_Adv+,,,0,0,,,,,,,,0,,,00:00:00,,,,,,,0,0,,,
2026-08-12,2026-08-12,Catalogo_2,active,,,,20000,Diario,0,0,0,"En curso","7 días tras clic, 1 día tras visualización o 1 día tras visualización activa",0,ABSOLUTE_OCPM,2026-08-20T13:38:17-0300,-,-,-,Alba&Co_2026_Conversiones_Purchase_Adv+,,,0,0,,,,,,,,0,,,00:00:00,,,,,,,0,0,,,
2026-08-12,2026-08-12,Catalogo_1,active,,,,20000,Diario,0,0,0,"En curso","7 días tras clic, 1 día tras visualización o 1 día tras visualización activa",0,ABSOLUTE_OCPM,2026-08-20T13:38:17-0300,-,-,-,Alba&Co_2026_Conversiones_Purchase_Adv+,,,0,0,,,,,,,,0,,,00:00:00,,,,,,,0,0,,,
2026-08-11,2026-08-11,Catalogo_5,active,,,,20000,Diario,0,0,0,"En curso","7 días tras clic, 1 día tras visualización o 1 día tras visualización activa",0,ABSOLUTE_OCPM,2026-08-20T13:38:17-0300,-,-,-,Alba&Co_2026_Conversiones_Purchase_Adv+,,,0,0,,,,,,,,0,,,00:00:00,,,,,,,0,0,,,
2026-08-11,2026-08-11,Catalogo_Karla,active,,,,20000,Diario,0,0,0,"En curso","7 días tras clic, 1 día tras visualización o 1 día tras visualización activa",0,ABSOLUTE_OCPM,2026-08-20T13:38:17-0300,-,-,-,Alba&Co_2026_Conversiones_Purchase_Adv+,,,0,0,,,,,,,,0,,,00:00:00,,,,,,,0,0,,,
2026-08-11,2026-08-11,"Catalogo_4 ¿Es un varón?",active,,,,20000,Diario,0,0,0,"En curso","7 días tras clic, 1 día tras visualización o 1 día tras visualización activa",0,ABSOLUTE_OCPM,2026-08-20T13:38:17-0300,-,-,-,Alba&Co_2026_Conversiones_Purchase_Adv+,,,0,0,,,,,,,,0,,,00:00:00,,,,,,,0,0,,,
2026-08-11,2026-08-11,Catalogo_3,active,,,,20000,Diario,0,0,0,"En curso","7 días tras clic, 1 día tras visualización o 1 día tras visualización activa",0,ABSOLUTE_OCPM,2026-08-20T13:38:17-0300,-,-,-,Alba&Co_2026_Conversiones_Purchase_Adv+,,,0,0,,,,,,,,0,,,00:00:00,,,,,,,0,0,,,
2026-08-11,2026-08-11,Catalogo_2,active,,,,20000,Diario,0,0,0,"En curso","7 días tras clic, 1 día tras visualización o 1 día tras visualización activa",0,ABSOLUTE_OCPM,2026-08-20T13:38:17-0300,-,-,-,Alba&Co_2026_Conversiones_Purchase_Adv+,,,0,0,,,,,,,,0,,,00:00:00,,,,,,,0,0,,,
2026-08-11,2026-08-11,Catalogo_1,active,,,,20000,Diario,0,0,0,"En curso","7 días tras clic, 1 día tras visualización o 1 día tras visualización activa",0,ABSOLUTE_OCPM,2026-08-20T13:38:17-0300,-,-,-,Alba&Co_2026_Conversiones_Purchase_Adv+,,,0,0,,,,,,,,0,,,00:00:00,,,,,,,0,0,,,
2026-08-10,2026-08-10,Catalogo_5,active,,,,20000,Diario,0,0,0,"En curso","7 días tras clic, 1 día tras visualización o 1 día tras visualización activa",0,ABSOLUTE_OCPM,2026-08-20T13:38:17-0300,-,-,-,Alba&Co_2026_Conversiones_Purchase_Adv+,,,0,0,,,,,,,,0,,,00:00:00,,,,,,,0,0,,,
2026-08-10,2026-08-10,Catalogo_Karla,active,,,,20000,Diario,0,0,0,"En curso","7 días tras clic, 1 día tras visualización o 1 día tras visualización activa",0,ABSOLUTE_OCPM,2026-08-20T13:38:17-0300,-,-,-,Alba&Co_2026_Conversiones_Purchase_Adv+,,,0,0,,,,,,,,0,,,00:00:00,,,,,,,0,0,,,
2026-08-10,2026-08-10,"Catalogo_4 ¿Es un varón?",active,,,,20000,Diario,0,0,0,"En curso","7 días tras clic, 1 día tras visualización o 1 día tras visualización activa",0,ABSOLUTE_OCPM,2026-08-20T13:38:17-0300,-,-,-,Alba&Co_2026_Conversiones_Purchase_Adv+,,,0,0,,,,,,,,0,,,00:00:00,,,,,,,0,0,,,
2026-08-10,2026-08-10,Catalogo_3,active,,,,20000,Diario,0,0,0,"En curso","7 días tras clic, 1 día tras visualización o 1 día tras visualización activa",0,ABSOLUTE_OCPM,2026-08-20T13:38:17-0300,-,-,-,Alba&Co_2026_Conversiones_Purchase_Adv+,,,0,0,,,,,,,,0,,,00:00:00,,,,,,,0,0,,,
2026-08-10,2026-08-10,Catalogo_2,active,,,,20000,Diario,0,0,0,"En curso","7 días tras clic, 1 día tras visualización o 1 día tras visualización activa",0,ABSOLUTE_OCPM,2026-08-20T13:38:17-0300,-,-,-,Alba&Co_2026_Conversiones_Purchase_Adv+,,,0,0,,,,,,,,0,,,00:00:00,,,,,,,0,0,,,
2026-08-10,2026-08-10,Catalogo_1,active,,,,20000,Diario,0,0,0,"En curso","7 días tras clic, 1 día tras visualización o 1 día tras visualización activa",0,ABSOLUTE_OCPM,2026-08-20T13:38:17-0300,-,-,-,Alba&Co_2026_Conversiones_Purchase_Adv+,,,0,0,,,,,,,,0,,,00:00:00,,,,,,,0,0,,,
2026-08-09,2026-08-09,Catalogo_5,active,,,,20000,Diario,0,0,0,"En curso","7 días tras clic, 1 día tras visualización o 1 día tras visualización activa",0,ABSOLUTE_OCPM,2026-08-20T13:38:17-0300,-,-,-,Alba&Co_2026_Conversiones_Purchase_Adv+,,,0,0,,,,,,,,0,,,00:00:00,,,,,,,0,0,,,
2026-08-09,2026-08-09,Catalogo_Karla,active,,,,20000,Diario,0,0,0,"En curso","7 días tras clic, 1 día tras visualización o 1 día tras visualización activa",0,ABSOLUTE_OCPM,2026-08-20T13:38:17-0300,-,-,-,Alba&Co_2026_Conversiones_Purchase_Adv+,,,0,0,,,,,,,,0,,,00:00:00,,,,,,,0,0,,,
2026-08-09,2026-08-09,"Catalogo_4 ¿Es un varón?",active,,,,20000,Diario,0,0,0,"En curso","7 días tras clic, 1 día tras visualización o 1 día tras visualización activa",0,ABSOLUTE_OCPM,2026-08-20T13:38:17-0300,-,-,-,Alba&Co_2026_Conversiones_Purchase_Adv+,,,0,0,,,,,,,,0,,,00:00:00,,,,,,,0,0,,,
2026-08-09,2026-08-09,Catalogo_3,active,,,,20000,Diario,0,0,0,"En curso","7 días tras clic, 1 día tras visualización o 1 día tras visualización activa",0,ABSOLUTE_OCPM,2026-08-20T13:38:17-0300,-,-,-,Alba&Co_2026_Conversiones_Purchase_Adv+,,,0,0,,,,,,,,0,,,00:00:00,,,,,,,0,0,,,
2026-08-09,2026-08-09,Catalogo_2,active,,,,20000,Diario,0,0,0,"En curso","7 días tras clic, 1 día tras visualización o 1 día tras visualización activa",0,ABSOLUTE_OCPM,2026-08-20T13:38:17-0300,-,-,-,Alba&Co_2026_Conversiones_Purchase_Adv+,,,0,0,,,,,,,,0,,,00:00:00,,,,,,,0,0,,,
2026-08-09,2026-08-09,Catalogo_1,active,,,,20000,Diario,0,0,0,"En curso","7 días tras clic, 1 día tras visualización o 1 día tras visualización activa",0,ABSOLUTE_OCPM,2026-08-20T13:38:17-0300,-,-,-,Alba&Co_2026_Conversiones_Purchase_Adv+,,,0,0,,,,,,,,0,,,00:00:00,,,,,,,0,0,,,
2026-08-08,2026-08-08,Catalogo_5,active,,,,20000,Diario,0,0,0,"En curso","7 días tras clic, 1 día tras visualización o 1 día tras visualización activa",0,ABSOLUTE_OCPM,2026-08-20T13:38:17-0300,-,-,-,Alba&Co_2026_Conversiones_Purchase_Adv+,,,0,0,,,,,,,,0,,,00:00:00,,,,,,,0,0,,,
2026-08-08,2026-08-08,Catalogo_Karla,active,,,,20000,Diario,0,0,0,"En curso","7 días tras clic, 1 día tras visualización o 1 día tras visualización activa",0,ABSOLUTE_OCPM,2026-08-20T13:38:17-0300,-,-,-,Alba&Co_2026_Conversiones_Purchase_Adv+,,,0,0,,,,,,,,0,,,00:00:00,,,,,,,0,0,,,
2026-08-08,2026-08-08,"Catalogo_4 ¿Es un varón?",active,,,,20000,Diario,0,0,0,"En curso","7 días tras clic, 1 día tras visualización o 1 día tras visualización activa",0,ABSOLUTE_OCPM,2026-08-20T13:38:17-0300,-,-,-,Alba&Co_2026_Conversiones_Purchase_Adv+,,,0,0,,,,,,,,0,,,00:00:00,,,,,,,0,0,,,
2026-08-08,2026-08-08,Catalogo_3,active,,,,20000,Diario,0,0,0,"En curso","7 días tras clic, 1 día tras visualización o 1 día tras visualización activa",0,ABSOLUTE_OCPM,2026-08-20T13:38:17-0300,-,-,-,Alba&Co_2026_Conversiones_Purchase_Adv+,,,0,0,,,,,,,,0,,,00:00:00,,,,,,,0,0,,,
2026-08-08,2026-08-08,Catalogo_2,active,,,,20000,Diario,0,0,0,"En curso","7 días tras clic, 1 día tras visualización o 1 día tras visualización activa",0,ABSOLUTE_OCPM,2026-08-20T13:38:17-0300,-,-,-,Alba&Co_2026_Conversiones_Purchase_Adv+,,,0,0,,,,,,,,0,,,00:00:00,,,,,,,0,0,,,
2026-08-08,2026-08-08,Catalogo_1,active,,,,20000,Diario,0,0,0,"En curso","7 días tras clic, 1 día tras visualización o 1 día tras visualización activa",0,ABSOLUTE_OCPM,2026-08-20T13:38:17-0300,-,-,-,Alba&Co_2026_Conversiones_Purchase_Adv+,,,0,0,,,,,,,,0,,,00:00:00,,,,,,,0,0,,,
2026-08-07,2026-08-07,Catalogo_5,active,,,,20000,Diario,0,0,0,"En curso","7 días tras clic, 1 día tras visualización o 1 día tras visualización activa",0,ABSOLUTE_OCPM,2026-08-20T13:38:17-0300,-,-,-,Alba&Co_2026_Conversiones_Purchase_Adv+,,,0,0,,,,,,,,0,,,00:00:00,,,,,,,0,0,,,
2026-08-07,2026-08-07,Catalogo_Karla,active,,,,20000,Diario,0,0,0,"En curso","7 días tras clic, 1 día tras visualización o 1 día tras visualización activa",0,ABSOLUTE_OCPM,2026-08-20T13:38:17-0300,-,-,-,Alba&Co_2026_Conversiones_Purchase_Adv+,,,0,0,,,,,,,,0,,,00:00:00,,,,,,,0,0,,,
2026-08-07,2026-08-07,"Catalogo_4 ¿Es un varón?",active,,,,20000,Diario,0,0,0,"En curso","7 días tras clic, 1 día tras visualización o 1 día tras visualización activa",0,ABSOLUTE_OCPM,2026-08-20T13:38:17-0300,-,-,-,Alba&Co_2026_Conversiones_Purchase_Adv+,,,0,0,,,,,,,,0,,,00:00:00,,,,,,,0,0,,,
2026-08-07,2026-08-07,Catalogo_3,active,,,,20000,Diario,0,0,0,"En curso","7 días tras clic, 1 día tras visualización o 1 día tras visualización activa",0,ABSOLUTE_OCPM,2026-08-20T13:38:17-0300,-,-,-,Alba&Co_2026_Conversiones_Purchase_Adv+,,,0,0,,,,,,,,0,,,00:00:00,,,,,,,0,0,,,
2026-08-07,2026-08-07,Catalogo_2,active,,,,20000,Diario,0,0,0,"En curso","7 días tras clic, 1 día tras visualización o 1 día tras visualización activa",0,ABSOLUTE_OCPM,2026-08-20T13:38:17-0300,-,-,-,Alba&Co_2026_Conversiones_Purchase_Adv+,,,0,0,,,,,,,,0,,,00:00:00,,,,,,,0,0,,,
2026-08-07,2026-08-07,Catalogo_1,active,,,,20000,Diario,0,0,0,"En curso","7 días tras clic, 1 día tras visualización o 1 día tras visualización activa",0,ABSOLUTE_OCPM,2026-08-20T13:38:17-0300,-,-,-,Alba&Co_2026_Conversiones_Purchase_Adv+,,,0,0,,,,,,,,0,,,00:00:00,,,,,,,0,0,,,
2026-08-06,2026-08-06,Catalogo_5,active,,,,20000,Diario,0,0,0,"En curso","7 días tras clic, 1 día tras visualización o 1 día tras visualización activa",0,ABSOLUTE_OCPM,2026-08-20T13:38:17-0300,-,-,-,Alba&Co_2026_Conversiones_Purchase_Adv+,,,0,0,,,,,,,,0,,,00:00:00,,,,,,,0,0,,,
2026-08-06,2026-08-06,Catalogo_Karla,active,,,,20000,Diario,0,0,0,"En curso","7 días tras clic, 1 día tras visualización o 1 día tras visualización activa",0,ABSOLUTE_OCPM,2026-08-20T13:38:17-0300,-,-,-,Alba&Co_2026_Conversiones_Purchase_Adv+,,,0,0,,,,,,,,0,,,00:00:00,,,,,,,0,0,,,
2026-08-06,2026-08-06,"Catalogo_4 ¿Es un varón?",active,,,,20000,Diario,0,0,0,"En curso","7 días tras clic, 1 día tras visualización o 1 día tras visualización activa",0,ABSOLUTE_OCPM,2026-08-20T13:38:17-0300,-,-,-,Alba&Co_2026_Conversiones_Purchase_Adv+,,,0,0,,,,,,,,0,,,00:00:00,,,,,,,0,0,,,
2026-08-06,2026-08-06,Catalogo_3,active,,,,20000,Diario,0,0,0,"En curso","7 días tras clic, 1 día tras visualización o 1 día tras visualización activa",0,ABSOLUTE_OCPM,2026-08-20T13:38:17-0300,-,-,-,Alba&Co_2026_Conversiones_Purchase_Adv+,,,0,0,,,,,,,,0,,,00:00:00,,,,,,,0,0,,,
2026-08-06,2026-08-06,Catalogo_2,active,,,,20000,Diario,0,0,0,"En curso","7 días tras clic, 1 día tras visualización o 1 día tras visualización activa",0,ABSOLUTE_OCPM,2026-08-20T13:38:17-0300,-,-,-,Alba&Co_2026_Conversiones_Purchase_Adv+,,,0,0,,,,,,,,0,,,00:00:00,,,,,,,0,0,,,
2026-08-06,2026-08-06,Catalogo_1,active,,,,20000,Diario,0,0,0,"En curso","7 días tras clic, 1 día tras visualización o 1 día tras visualización activa",0,ABSOLUTE_OCPM,2026-08-20T13:38:17-0300,-,-,-,Alba&Co_2026_Conversiones_Purchase_Adv+,,,0,0,,,,,,,,0,,,00:00:00,,,,,,,0,0,,,
2026-08-05,2026-08-05,Catalogo_5,active,,,,20000,Diario,0,0,0,"En curso","7 días tras clic, 1 día tras visualización o 1 día tras visualización activa",0,ABSOLUTE_OCPM,2026-08-20T13:38:17-0300,-,-,-,Alba&Co_2026_Conversiones_Purchase_Adv+,,,0,0,,,,,,,,0,,,00:00:00,,,,,,,0,0,,,
2026-08-05,2026-08-05,Catalogo_Karla,active,,,,20000,Diario,0,0,0,"En curso","7 días tras clic, 1 día tras visualización o 1 día tras visualización activa",0,ABSOLUTE_OCPM,2026-08-20T13:38:17-0300,-,-,-,Alba&Co_2026_Conversiones_Purchase_Adv+,,,0,0,,,,,,,,0,,,00:00:00,,,,,,,0,0,,,
2026-08-05,2026-08-05,"Catalogo_4 ¿Es un varón?",active,,,,20000,Diario,0,0,0,"En curso","7 días tras clic, 1 día tras visualización o 1 día tras visualización activa",0,ABSOLUTE_OCPM,2026-08-20T13:38:17-0300,-,-,-,Alba&Co_2026_Conversiones_Purchase_Adv+,,,0,0,,,,,,,,0,,,00:00:00,,,,,,,0,0,,,
2026-08-05,2026-08-05,Catalogo_3,active,,,,20000,Diario,0,0,0,"En curso","7 días tras clic, 1 día tras visualización o 1 día tras visualización activa",0,ABSOLUTE_OCPM,2026-08-20T13:38:17-0300,-,-,-,Alba&Co_2026_Conversiones_Purchase_Adv+,,,0,0,,,,,,,,0,,,00:00:00,,,,,,,0,0,,,
2026-08-05,2026-08-05,Catalogo_2,active,,,,20000,Diario,0,0,0,"En curso","7 días tras clic, 1 día tras visualización o 1 día tras visualización activa",0,ABSOLUTE_OCPM,2026-08-20T13:38:17-0300,-,-,-,Alba&Co_2026_Conversiones_Purchase_Adv+,,,0,0,,,,,,,,0,,,00:00:00,,,,,,,0,0,,,
2026-08-05,2026-08-05,Catalogo_1,active,,,,20000,Diario,0,0,0,"En curso","7 días tras clic, 1 día tras visualización o 1 día tras visualización activa",0,ABSOLUTE_OCPM,2026-08-20T13:38:17-0300,-,-,-,Alba&Co_2026_Conversiones_Purchase_Adv+,,,0,0,,,,,,,,0,,,00:00:00,,,,,,,0,0,,,
2026-08-04,2026-08-04,Catalogo_5,active,,,,20000,Diario,0,0,0,"En curso","7 días tras clic, 1 día tras visualización o 1 día tras visualización activa",0,ABSOLUTE_OCPM,2026-08-20T13:38:17-0300,-,-,-,Alba&Co_2026_Conversiones_Purchase_Adv+,,,0,0,,,,,,,,0,,,00:00:00,,,,,,,0,0,,,
2026-08-04,2026-08-04,Catalogo_Karla,active,,,,20000,Diario,0,0,0,"En curso","7 días tras clic, 1 día tras visualización o 1 día tras visualización activa",0,ABSOLUTE_OCPM,2026-08-20T13:38:17-0300,-,-,-,Alba&Co_2026_Conversiones_Purchase_Adv+,,,0,0,,,,,,,,0,,,00:00:00,,,,,,,0,0,,,
2026-08-04,2026-08-04,"Catalogo_4 ¿Es un varón?",active,,,,20000,Diario,0,0,0,"En curso","7 días tras clic, 1 día tras visualización o 1 día tras visualización activa",0,ABSOLUTE_OCPM,2026-08-20T13:38:17-0300,-,-,-,Alba&Co_2026_Conversiones_Purchase_Adv+,,,0,0,,,,,,,,0,,,00:00:00,,,,,,,0,0,,,
2026-08-04,2026-08-04,Catalogo_3,active,,,,20000,Diario,0,0,0,"En curso","7 días tras clic, 1 día tras visualización o 1 día tras visualización activa",0,ABSOLUTE_OCPM,2026-08-20T13:38:17-0300,-,-,-,Alba&Co_2026_Conversiones_Purchase_Adv+,,,0,0,,,,,,,,0,,,00:00:00,,,,,,,0,0,,,
2026-08-04,2026-08-04,Catalogo_2,active,,,,20000,Diario,0,0,0,"En curso","7 días tras clic, 1 día tras visualización o 1 día tras visualización activa",0,ABSOLUTE_OCPM,2026-08-20T13:38:17-0300,-,-,-,Alba&Co_2026_Conversiones_Purchase_Adv+,,,0,0,,,,,,,,0,,,00:00:00,,,,,,,0,0,,,
2026-08-04,2026-08-04,Catalogo_1,active,,,,20000,Diario,0,0,0,"En curso","7 días tras clic, 1 día tras visualización o 1 día tras visualización activa",0,ABSOLUTE_OCPM,2026-08-20T13:38:17-0300,-,-,-,Alba&Co_2026_Conversiones_Purchase_Adv+,,,0,0,,,,,,,,0,,,00:00:00,,,,,,,0,0,,,
2026-08-03,2026-08-03,Catalogo_5,active,,,,20000,Diario,0,0,0,"En curso","7 días tras clic, 1 día tras visualización o 1 día tras visualización activa",0,ABSOLUTE_OCPM,2026-08-20T13:38:17-0300,-,-,-,Alba&Co_2026_Conversiones_Purchase_Adv+,,,0,0,,,,,,,,0,,,00:00:00,,,,,,,0,0,,,
2026-08-03,2026-08-03,Catalogo_Karla,active,,,,20000,Diario,0,0,0,"En curso","7 días tras clic, 1 día tras visualización o 1 día tras visualización activa",0,ABSOLUTE_OCPM,2026-08-20T13:38:17-0300,-,-,-,Alba&Co_2026_Conversiones_Purchase_Adv+,,,0,0,,,,,,,,0,,,00:00:00,,,,,,,0,0,,,
2026-08-03,2026-08-03,"Catalogo_4 ¿Es un varón?",active,,,,20000,Diario,0,0,0,"En curso","7 días tras clic, 1 día tras visualización o 1 día tras visualización activa",0,ABSOLUTE_OCPM,2026-08-20T13:38:17-0300,-,-,-,Alba&Co_2026_Conversiones_Purchase_Adv+,,,0,0,,,,,,,,0,,,00:00:00,,,,,,,0,0,,,
2026-08-03,2026-08-03,Catalogo_3,active,,,,20000,Diario,0,0,0,"En curso","7 días tras clic, 1 día tras visualización o 1 día tras visualización activa",0,ABSOLUTE_OCPM,2026-08-20T13:38:17-0300,-,-,-,Alba&Co_2026_Conversiones_Purchase_Adv+,,,0,0,,,,,,,,0,,,00:00:00,,,,,,,0,0,,,
2026-08-03,2026-08-03,Catalogo_2,active,,,,20000,Diario,0,0,0,"En curso","7 días tras clic, 1 día tras visualización o 1 día tras visualización activa",0,ABSOLUTE_OCPM,2026-08-20T13:38:17-0300,-,-,-,Alba&Co_2026_Conversiones_Purchase_Adv+,,,0,0,,,,,,,,0,,,00:00:00,,,,,,,0,0,,,
2026-08-03,2026-08-03,Catalogo_1,active,,,,20000,Diario,0,0,0,"En curso","7 días tras clic, 1 día tras visualización o 1 día tras visualización activa",0,ABSOLUTE_OCPM,2026-08-20T13:38:17-0300,-,-,-,Alba&Co_2026_Conversiones_Purchase_Adv+,,,0,0,,,,,,,,0,,,00:00:00,,,,,,,0,0,,,
2026-08-02,2026-08-02,Catalogo_5,active,,,,20000,Diario,0,0,0,"En curso","7 días tras clic, 1 día tras visualización o 1 día tras visualización activa",0,ABSOLUTE_OCPM,2026-08-20T13:38:17-0300,-,-,-,Alba&Co_2026_Conversiones_Purchase_Adv+,,,0,0,,,,,,,,0,,,00:00:00,,,,,,,0,0,,,
2026-08-02,2026-08-02,Catalogo_Karla,active,,,,20000,Diario,0,0,0,"En curso","7 días tras clic, 1 día tras visualización o 1 día tras visualización activa",0,ABSOLUTE_OCPM,2026-08-20T13:38:17-0300,-,-,-,Alba&Co_2026_Conversiones_Purchase_Adv+,,,0,0,,,,,,,,0,,,00:00:00,,,,,,,0,0,,,
2026-08-02,2026-08-02,"Catalogo_4 ¿Es un varón?",active,,,,20000,Diario,0,0,0,"En curso","7 días tras clic, 1 día tras visualización o 1 día tras visualización activa",0,ABSOLUTE_OCPM,2026-08-20T13:38:17-0300,-,-,-,Alba&Co_2026_Conversiones_Purchase_Adv+,,,0,0,,,,,,,,0,,,00:00:00,,,,,,,0,0,,,
2026-08-02,2026-08-02,Catalogo_3,active,,,,20000,Diario,0,0,0,"En curso","7 días tras clic, 1 día tras visualización o 1 día tras visualización activa",0,ABSOLUTE_OCPM,2026-08-20T13:38:17-0300,-,-,-,Alba&Co_2026_Conversiones_Purchase_Adv+,,,0,0,,,,,,,,0,,,00:00:00,,,,,,,0,0,,,
2026-08-02,2026-08-02,Catalogo_2,active,,,,20000,Diario,0,0,0,"En curso","7 días tras clic, 1 día tras visualización o 1 día tras visualización activa",0,ABSOLUTE_OCPM,2026-08-20T13:38:17-0300,-,-,-,Alba&Co_2026_Conversiones_Purchase_Adv+,,,0,0,,,,,,,,0,,,00:00:00,,,,,,,0,0,,,
2026-08-02,2026-08-02,Catalogo_1,active,,,,20000,Diario,0,0,0,"En curso","7 días tras clic, 1 día tras visualización o 1 día tras visualización activa",0,ABSOLUTE_OCPM,2026-08-20T13:38:17-0300,-,-,-,Alba&Co_2026_Conversiones_Purchase_Adv+,,,0,0,,,,,,,,0,,,00:00:00,,,,,,,0,0,,,
2026-08-01,2026-08-01,Catalogo_5,active,,,,20000,Diario,0,0,0,"En curso","7 días tras clic, 1 día tras visualización o 1 día tras visualización activa",0,ABSOLUTE_OCPM,2026-08-20T13:38:17-0300,-,-,-,Alba&Co_2026_Conversiones_Purchase_Adv+,,,0,0,,,,,,,,0,,,00:00:00,,,,,,,0,0,,,
2026-08-01,2026-08-01,Catalogo_Karla,active,,,,20000,Diario,0,0,0,"En curso","7 días tras clic, 1 día tras visualización o 1 día tras visualización activa",0,ABSOLUTE_OCPM,2026-08-20T13:38:17-0300,-,-,-,Alba&Co_2026_Conversiones_Purchase_Adv+,,,0,0,,,,,,,,0,,,00:00:00,,,,,,,0,0,,,
2026-08-01,2026-08-01,"Catalogo_4 ¿Es un varón?",active,,,,20000,Diario,0,0,0,"En curso","7 días tras clic, 1 día tras visualización o 1 día tras visualización activa",0,ABSOLUTE_OCPM,2026-08-20T13:38:17-0300,-,-,-,Alba&Co_2026_Conversiones_Purchase_Adv+,,,0,0,,,,,,,,0,,,00:00:00,,,,,,,0,0,,,
2026-08-01,2026-08-01,Catalogo_3,active,,,,20000,Diario,0,0,0,"En curso","7 días tras clic, 1 día tras visualización o 1 día tras visualización activa",0,ABSOLUTE_OCPM,2026-08-20T13:38:17-0300,-,-,-,Alba&Co_2026_Conversiones_Purchase_Adv+,,,0,0,,,,,,,,0,,,00:00:00,,,,,,,0,0,,,
2026-08-01,2026-08-01,Catalogo_2,active,,,,20000,Diario,0,0,0,"En curso","7 días tras clic, 1 día tras visualización o 1 día tras visualización activa",0,ABSOLUTE_OCPM,2026-08-20T13:38:17-0300,-,-,-,Alba&Co_2026_Conversiones_Purchase_Adv+,,,0,0,,,,,,,,0,,,00:00:00,,,,,,,0,0,,,
2026-08-01,2026-08-01,Catalogo_1,active,,,,20000,Diario,0,0,0,"En curso","7 días tras clic, 1 día tras visualización o 1 día tras visualización activa",0,ABSOLUTE_OCPM,2026-08-20T13:38:17-0300,-,-,-,Alba&Co_2026_Conversiones_Purchase_Adv+,,,0,0,,,,,,,,0,,,00:00:00,,,,,,,0,0,,,
2026-07-31,2026-07-31,Catalogo_5,active,,,,20000,Diario,0,0,0,"En curso","7 días tras clic, 1 día tras visualización o 1 día tras visualización activa",0,ABSOLUTE_OCPM,2026-08-20T13:38:17-0300,-,-,-,Alba&Co_2026_Conversiones_Purchase_Adv+,,,0,0,,,,,,,,0,,,00:00:00,,,,,,,0,0,,,
2026-07-31,2026-07-31,Catalogo_Karla,active,,,,20000,Diario,0,0,0,"En curso","7 días tras clic, 1 día tras visualización o 1 día tras visualización activa",0,ABSOLUTE_OCPM,2026-08-20T13:38:17-0300,-,-,-,Alba&Co_2026_Conversiones_Purchase_Adv+,,,0,0,,,,,,,,0,,,00:00:00,,,,,,,0,0,,,
2026-07-31,2026-07-31,"Catalogo_4 ¿Es un varón?",active,,,,20000,Diario,0,0,0,"En curso","7 días tras clic, 1 día tras visualización o 1 día tras visualización activa",0,ABSOLUTE_OCPM,2026-08-20T13:38:17-0300,-,-,-,Alba&Co_2026_Conversiones_Purchase_Adv+,,,0,0,,,,,,,,0,,,00:00:00,,,,,,,0,0,,,
2026-07-31,2026-07-31,Catalogo_3,active,,,,20000,Diario,0,0,0,"En curso","7 días tras clic, 1 día tras visualización o 1 día tras visualización activa",0,ABSOLUTE_OCPM,2026-08-20T13:38:17-0300,-,-,-,Alba&Co_2026_Conversiones_Purchase_Adv+,,,0,0,,,,,,,,0,,,00:00:00,,,,,,,0,0,,,
2026-07-31,2026-07-31,Catalogo_2,active,,,,20000,Diario,0,0,0,"En curso","7 días tras clic, 1 día tras visualización o 1 día tras visualización activa",0,ABSOLUTE_OCPM,2026-08-20T13:38:17-0300,-,-,-,Alba&Co_2026_Conversiones_Purchase_Adv+,,,0,0,,,,,,,,0,,,00:00:00,,,,,,,0,0,,,
2026-07-31,2026-07-31,Catalogo_1,active,,,,20000,Diario,0,0,0,"En curso","7 días tras clic, 1 día tras visualización o 1 día tras visualización activa",0,ABSOLUTE_OCPM,2026-08-20T13:38:17-0300,-,-,-,Alba&Co_2026_Conversiones_Purchase_Adv+,,,0,0,,,,,,,,0,,,00:00:00,,,,,,,0,0,,,
2026-07-30,2026-07-30,Catalogo_5,active,,,,20000,Diario,0,0,0,"En curso","7 días tras clic, 1 día tras visualización o 1 día tras visualización activa",0,ABSOLUTE_OCPM,2026-08-20T13:38:17-0300,-,-,-,Alba&Co_2026_Conversiones_Purchase_Adv+,,,0,0,,,,,,,,0,,,00:00:00,,,,,,,0,0,,,
2026-07-30,2026-07-30,Catalogo_Karla,active,,,,20000,Diario,0,0,0,"En curso","7 días tras clic, 1 día tras visualización o 1 día tras visualización activa",0,ABSOLUTE_OCPM,2026-08-20T13:38:17-0300,-,-,-,Alba&Co_2026_Conversiones_Purchase_Adv+,,,0,0,,,,,,,,0,,,00:00:00,,,,,,,0,0,,,
2026-07-30,2026-07-30,"Catalogo_4 ¿Es un varón?",active,,,,20000,Diario,0,0,0,"En curso","7 días tras clic, 1 día tras visualización o 1 día tras visualización activa",0,ABSOLUTE_OCPM,2026-08-20T13:38:17-0300,-,-,-,Alba&Co_2026_Conversiones_Purchase_Adv+,,,0,0,,,,,,,,0,,,00:00:00,,,,,,,0,0,,,
2026-07-30,2026-07-30,Catalogo_3,active,,,,20000,Diario,0,0,0,"En curso","7 días tras clic, 1 día tras visualización o 1 día tras visualización activa",0,ABSOLUTE_OCPM,2026-08-20T13:38:17-0300,-,-,-,Alba&Co_2026_Conversiones_Purchase_Adv+,,,0,0,,,,,,,,0,,,00:00:00,,,,,,,0,0,,,
2026-07-30,2026-07-30,Catalogo_2,active,,,,20000,Diario,0,0,0,"En curso","7 días tras clic, 1 día tras visualización o 1 día tras visualización activa",0,ABSOLUTE_OCPM,2026-08-20T13:38:17-0300,-,-,-,Alba&Co_2026_Conversiones_Purchase_Adv+,,,0,0,,,,,,,,0,,,00:00:00,,,,,,,0,0,,,
2026-07-30,2026-07-30,Catalogo_1,active,,,,20000,Diario,0,0,0,"En curso","7 días tras clic, 1 día tras visualización o 1 día tras visualización activa",0,ABSOLUTE_OCPM,2026-08-20T13:38:17-0300,-,-,-,Alba&Co_2026_Conversiones_Purchase_Adv+,,,0,0,,,,,,,,0,,,00:00:00,,,,,,,0,0,,,
2026-07-29,2026-07-29,Catalogo_5,active,,,,20000,Diario,0,0,0,"En curso","7 días tras clic, 1 día tras visualización o 1 día tras visualización activa",0,ABSOLUTE_OCPM,2026-08-20T13:38:17-0300,-,-,-,Alba&Co_2026_Conversiones_Purchase_Adv+,,,0,0,,,,,,,,0,,,00:00:00,,,,,,,0,0,,,
2026-07-29,2026-07-29,Catalogo_Karla,active,,,,20000,Diario,0,0,0,"En curso","7 días tras clic, 1 día tras visualización o 1 día tras visualización activa",0,ABSOLUTE_OCPM,2026-08-20T13:38:17-0300,-,-,-,Alba&Co_2026_Conversiones_Purchase_Adv+,,,0,0,,,,,,,,0,,,00:00:00,,,,,,,0,0,,,
2026-07-29,2026-07-29,"Catalogo_4 ¿Es un varón?",active,,,,20000,Diario,0,0,0,"En curso","7 días tras clic, 1 día tras visualización o 1 día tras visualización activa",0,ABSOLUTE_OCPM,2026-08-20T13:38:17-0300,-,-,-,Alba&Co_2026_Conversiones_Purchase_Adv+,,,0,0,,,,,,,,0,,,00:00:00,,,,,,,0,0,,,
2026-07-29,2026-07-29,Catalogo_3,active,,,,20000,Diario,0,0,0,"En curso","7 días tras clic, 1 día tras visualización o 1 día tras visualización activa",0,ABSOLUTE_OCPM,2026-08-20T13:38:17-0300,-,-,-,Alba&Co_2026_Conversiones_Purchase_Adv+,,,0,0,,,,,,,,0,,,00:00:00,,,,,,,0,0,,,
2026-07-29,2026-07-29,Catalogo_2,active,,,,20000,Diario,0,0,0,"En curso","7 días tras clic, 1 día tras visualización o 1 día tras visualización activa",0,ABSOLUTE_OCPM,2026-08-20T13:38:17-0300,-,-,-,Alba&Co_2026_Conversiones_Purchase_Adv+,,,0,0,,,,,,,,0,,,00:00:00,,,,,,,0,0,,,
2026-07-29,2026-07-29,Catalogo_1,active,,,,20000,Diario,0,0,0,"En curso","7 días tras clic, 1 día tras visualización o 1 día tras visualización activa",0,ABSOLUTE_OCPM,2026-08-20T13:38:17-0300,-,-,-,Alba&Co_2026_Conversiones_Purchase_Adv+,,,0,0,,,,,,,,0,,,00:00:00,,,,,,,0,0,,,
2026-07-28,2026-07-28,Catalogo_5,active,,,,20000,Diario,0,0,0,"En curso","7 días tras clic, 1 día tras visualización o 1 día tras visualización activa",0,ABSOLUTE_OCPM,2026-08-20T13:38:17-0300,-,-,-,Alba&Co_2026_Conversiones_Purchase_Adv+,,,0,0,,,,,,,,0,,,00:00:00,,,,,,,0,0,,,
2026-07-28,2026-07-28,Catalogo_Karla,active,,,,20000,Diario,0,0,0,"En curso","7 días tras clic, 1 día tras visualización o 1 día tras visualización activa",0,ABSOLUTE_OCPM,2026-08-20T13:38:17-0300,-,-,-,Alba&Co_2026_Conversiones_Purchase_Adv+,,,0,0,,,,,,,,0,,,00:00:00,,,,,,,0,0,,,
2026-07-28,2026-07-28,"Catalogo_4 ¿Es un varón?",active,,,,20000,Diario,0,0,0,"En curso","7 días tras clic, 1 día tras visualización o 1 día tras visualización activa",0,ABSOLUTE_OCPM,2026-08-20T13:38:17-0300,-,-,-,Alba&Co_2026_Conversiones_Purchase_Adv+,,,0,0,,,,,,,,0,,,00:00:00,,,,,,,0,0,,,
2026-07-28,2026-07-28,Catalogo_3,active,,,,20000,Diario,0,0,0,"En curso","7 días tras clic, 1 día tras visualización o 1 día tras visualización activa",0,ABSOLUTE_OCPM,2026-08-20T13:38:17-0300,-,-,-,Alba&Co_2026_Conversiones_Purchase_Adv+,,,0,0,,,,,,,,0,,,00:00:00,,,,,,,0,0,,,
2026-07-28,2026-07-28,Catalogo_2,active,,,,20000,Diario,0,0,0,"En curso","7 días tras clic, 1 día tras visualización o 1 día tras visualización activa",0,ABSOLUTE_OCPM,2026-08-20T13:38:17-0300,-,-,-,Alba&Co_2026_Conversiones_Purchase_Adv+,,,0,0,,,,,,,,0,,,00:00:00,,,,,,,0,0,,,
2026-07-28,2026-07-28,Catalogo_1,active,,,,20000,Diario,0,0,0,"En curso","7 días tras clic, 1 día tras visualización o 1 día tras visualización activa",0,ABSOLUTE_OCPM,2026-08-20T13:38:17-0300,-,-,-,Alba&Co_2026_Conversiones_Purchase_Adv+,,,0,0,,,,,,,,0,,,00:00:00,,,,,,,0,0,,,
2026-07-27,2026-07-27,Catalogo_5,active,,,,20000,Diario,0,0,0,"En curso","7 días tras clic, 1 día tras visualización o 1 día tras visualización activa",0,ABSOLUTE_OCPM,2026-08-20T13:38:17-0300,-,-,-,Alba&Co_2026_Conversiones_Purchase_Adv+,,,0,0,,,,,,,,0,,,00:00:00,,,,,,,0,0,,,
2026-07-27,2026-07-27,Catalogo_Karla,active,,,,20000,Diario,0,0,0,"En curso","7 días tras clic, 1 día tras visualización o 1 día tras visualización activa",0,ABSOLUTE_OCPM,2026-08-20T13:38:17-0300,-,-,-,Alba&Co_2026_Conversiones_Purchase_Adv+,,,0,0,,,,,,,,0,,,00:00:00,,,,,,,0,0,,,
2026-07-27,2026-07-27,"Catalogo_4 ¿Es un varón?",active,,,,20000,Diario,0,0,0,"En curso","7 días tras clic, 1 día tras visualización o 1 día tras visualización activa",0,ABSOLUTE_OCPM,2026-08-20T13:38:17-0300,-,-,-,Alba&Co_2026_Conversiones_Purchase_Adv+,,,0,0,,,,,,,,0,,,00:00:00,,,,,,,0,0,,,
2026-07-27,2026-07-27,Catalogo_3,active,,,,20000,Diario,0,0,0,"En curso","7 días tras clic, 1 día tras visualización o 1 día tras visualización activa",0,ABSOLUTE_OCPM,2026-08-20T13:38:17-0300,-,-,-,Alba&Co_2026_Conversiones_Purchase_Adv+,,,0,0,,,,,,,,0,,,00:00:00,,,,,,,0,0,,,
2026-07-27,2026-07-27,Catalogo_2,active,,,,20000,Diario,0,0,0,"En curso","7 días tras clic, 1 día tras visualización o 1 día tras visualización activa",0,ABSOLUTE_OCPM,2026-08-20T13:38:17-0300,-,-,-,Alba&Co_2026_Conversiones_Purchase_Adv+,,,0,0,,,,,,,,0,,,00:00:00,,,,,,,0,0,,,
2026-07-27,2026-07-27,Catalogo_1,active,,,,20000,Diario,0,0,0,"En curso","7 días tras clic, 1 día tras visualización o 1 día tras visualización activa",0,ABSOLUTE_OCPM,2026-08-20T13:38:17-0300,-,-,-,Alba&Co_2026_Conversiones_Purchase_Adv+,,,0,0,,,,,,,,0,,,00:00:00,,,,,,,0,0,,,
