"Inicio del informe","Fin del informe","Nombre del anuncio","Identificador del anuncio","Entrega del anuncio",Resultados,"Indicador de resultado","Costo por resultados","Presupuesto del conjunto de anuncios","Tipo de presupuesto del conjunto de anuncios","Importe gastado (ARS)",Impresiones,Alcance,Finalización,"Configuración de atribución",Puja,"Tipo de puja","Último cambio significativo","Clasificación de calidad","Clasificación del porcentaje de interacción","Clasificación del porcentaje de conversiones","Nombre del conjunto de anuncios",Objetivo,Frecuencia,"CPM (costo por mil impresiones) (ARS)","Clics en el enlace","CPC (costo por clic en el enlace) (ARS)","CTR (porcentaje de clics en el enlace)","Clics (todos)","CTR (todos)","Clientes potenciales","Costo por cliente potencial (ARS)","Conversaciones con mensajes iniciadas","Interacciones con la publicación","Comentarios de publicaciones","Reacciones a publicaciones","Veces que se compartieron las publicaciones","Veces que se guardaron las publicaciones",Compras,"Valor de resultados","Indicador de ROAS de resultado","Valor de conversión de compras","ROAS de resultados","Reproducciones de video de 3 segundos","Reproducciones de video hasta el 25%","Reproducciones de video hasta el 50%","Reproducciones de video hasta el 75%","Reproducciones de video hasta el 100%","Tiempo promedio de reproducción del video",ThruPlays,"CTR único (porcentaje de clics en el enlace)","CTR único (todos)"
2026-08-25,2026-08-25,"Nuevo anuncio de Clientes potenciales - Copia 4",120252849439060202,active,,,,"Con el presupuesto de la campaña",0,4.76,3,3,"En curso","7 días tras clic o 1 día tras visualización",0,ABSOLUTE_OCPM,2026-08-23T20:51:53-0300,-,-,-,"Nueva campaña de Clientes potenciales V.2 - Argentina","Clientes potenciales",1,1586.666667,,,,0,0,,,,,,,,,,,,,,,,,,,00:00:00,,0,0
2026-08-25,2026-08-25,"2 - Nueva - Copia 3",120252606034020202,active,,,,"Con el presupuesto de la campaña",0,0,0,0,"En curso","7 días tras clic o 1 día tras visualización",0,ABSOLUTE_OCPM,2026-08-23T20:51:53-0300,-,-,-,"Nueva campaña de Clientes potenciales V.2 - Argentina","Clientes potenciales",0,0,,,,0,0,,,,,,,,,,,,,,,,,,,00:00:00,,0,0
2026-08-25,2026-08-25,"2 - Nueva - Copia 2",120252606006150202,active,5,actions:leadgen.other,847.326,"Con el presupuesto de la campaña",0,4236.63,753,671,"En curso","7 días tras clic o 1 día tras visualización",0,ABSOLUTE_OCPM,2026-08-23T20:51:53-0300,-,-,-,"Nueva campaña de Clientes potenciales V.2 - Argentina","Clientes potenciales",1.122206,5626.334661,11,385.148182,1.460823,24,3.187251,5,847.326,3,13,,,1,1,,,,,,,,,,,00:00:00,,1.639344,2.682563
2026-08-25,2026-08-25,"2 - Nueva - Copia",120252605987120202,active,2,actions:leadgen.other,3064.985,"Con el presupuesto de la campaña",0,6129.97,1126,975,"En curso","7 días tras clic o 1 día tras visualización",0,ABSOLUTE_OCPM,2026-08-23T20:51:53-0300,-,-,-,"Nueva campaña de Clientes potenciales V.2 - Argentina","Clientes potenciales",1.154872,5444.023091,9,681.107778,0.79929,16,1.420959,2,3064.985,4,16,3,1,2,1,,,,,,,,,,,00:00:00,,0.923077,1.435897
2026-08-24,2026-08-24,"Nuevo anuncio de Clientes potenciales - Copia 4",120252849439060202,active,,,,"Con el presupuesto de la campaña",0,0,0,0,"En curso","7 días tras clic o 1 día tras visualización",0,ABSOLUTE_OCPM,2026-08-23T20:51:53-0300,-,-,-,"Nueva campaña de Clientes potenciales V.2 - Argentina","Clientes potenciales",0,0,,,,0,0,,,,,,,,,,,,,,,,,,,00:00:00,,0,0
2026-08-24,2026-08-24,"2 - Nueva - Copia 3",120252606034020202,active,,,,"Con el presupuesto de la campaña",0,5.28,1,1,"En curso","7 días tras clic o 1 día tras visualización",0,ABSOLUTE_OCPM,2026-08-23T20:51:53-0300,-,-,-,"Nueva campaña de Clientes potenciales V.2 - Argentina","Clientes potenciales",1,5280,,,,0,0,,,,,,,,,,,,,,,,,,,00:00:00,,0,0
2026-08-24,2026-08-24,"2 - Nueva - Copia 2",120252606006150202,active,3,actions:leadgen.other,1097.74333333,"Con el presupuesto de la campaña",0,3293.23,597,524,"En curso","7 días tras clic o 1 día tras visualización",0,ABSOLUTE_OCPM,2026-08-23T20:51:53-0300,-,-,-,"Nueva campaña de Clientes potenciales V.2 - Argentina","Clientes potenciales",1.139313,5516.298157,9,365.914444,1.507538,16,2.680067,3,1097.743333,2,10,,1,,,,,,,,,,,,,00:00:00,,1.717557,2.290076
2026-08-24,2026-08-24,"2 - Nueva - Copia",120252605987120202,active,7,actions:leadgen.other,1164.35,"Con el presupuesto de la campaña",0,8150.45,1612,1394,"En curso","7 días tras clic o 1 día tras visualización",0,ABSOLUTE_OCPM,2026-08-23T20:51:53-0300,-,-,-,"Nueva campaña de Clientes potenciales V.2 - Argentina","Clientes potenciales",1.156385,5056.110422,20,407.5225,1.240695,41,2.543424,7,1164.35,6,22,1,1,,,,,,,,,,,,,00:00:00,,1.362984,2.080344
2026-08-23,2026-08-23,"Nuevo anuncio de Clientes potenciales - Copia 4",120252849439060202,active,,,,"Con el presupuesto de la campaña",0,49.71,11,11,"En curso","7 días tras clic o 1 día tras visualización",0,ABSOLUTE_OCPM,2026-08-23T20:51:53-0300,-,-,-,"Nueva campaña de Clientes potenciales V.2 - Argentina","Clientes potenciales",1,4519.090909,,,,0,0,,,,,,,,,,,,,,,,,,,00:00:00,,0,0
2026-08-23,2026-08-23,"2 - Nueva - Copia 3",120252606034020202,active,,,,"Con el presupuesto de la campaña",0,0,0,0,"En curso","7 días tras clic o 1 día tras visualización",0,ABSOLUTE_OCPM,2026-08-23T20:51:53-0300,-,-,-,"Nueva campaña de Clientes potenciales V.2 - Argentina","Clientes potenciales",0,0,,,,0,0,,,,,,,,,,,,,,,,,,,00:00:00,,0,0
2026-08-23,2026-08-23,"2 - Nueva - Copia 2",120252606006150202,active,,,,"Con el presupuesto de la campaña",0,1327.15,228,212,"En curso","7 días tras clic o 1 día tras visualización",0,ABSOLUTE_OCPM,2026-08-23T20:51:53-0300,-,-,-,"Nueva campaña de Clientes potenciales V.2 - Argentina","Clientes potenciales",1.075472,5820.833333,,,,0,0,,,,,,,,,,,,,,,,,,,00:00:00,,0,0
2026-08-23,2026-08-23,"2 - Nueva - Copia",120252605987120202,active,5,actions:leadgen.other,2015.454,"Con el presupuesto de la campaña",0,10077.27,1647,1458,"En curso","7 días tras clic o 1 día tras visualización",0,ABSOLUTE_OCPM,2026-08-23T20:51:53-0300,Promedio,Promedio,"Por encima del promedio","Nueva campaña de Clientes potenciales V.2 - Argentina","Clientes potenciales",1.12963,6118.56102,24,419.88625,1.457195,47,2.853673,5,2015.454,4,25,,1,,,,,,,,,,,,,00:00:00,,1.577503,2.537723
2026-08-22,2026-08-22,"Nuevo anuncio de Clientes potenciales - Copia 4",120252849439060202,active,,,,"Con el presupuesto de la campaña",0,0,0,0,"En curso","7 días tras clic o 1 día tras visualización",0,ABSOLUTE_OCPM,2026-08-23T20:51:53-0300,-,-,-,"Nueva campaña de Clientes potenciales V.2 - Argentina","Clientes potenciales",0,0,,,,0,0,,,,,,,,,,,,,,,,,,,00:00:00,,0,0
2026-08-22,2026-08-22,"2 - Nueva - Copia 3",120252606034020202,active,,,,"Con el presupuesto de la campaña",0,24.56,7,7,"En curso","7 días tras clic o 1 día tras visualización",0,ABSOLUTE_OCPM,2026-08-23T20:51:53-0300,-,-,-,"Nueva campaña de Clientes potenciales V.2 - Argentina","Clientes potenciales",1,3508.571429,,,,0,0,,,,,,,,,,,,,,,,,,,00:00:00,,0,0
2026-08-22,2026-08-22,"2 - Nueva - Copia 2",120252606006150202,active,,,,"Con el presupuesto de la campaña",0,1252.77,234,220,"En curso","7 días tras clic o 1 día tras visualización",0,ABSOLUTE_OCPM,2026-08-23T20:51:53-0300,-,-,-,"Nueva campaña de Clientes potenciales V.2 - Argentina","Clientes potenciales",1.063636,5353.717949,1,1252.77,0.42735,2,0.854701,,,,1,,,,,,,,,,,,,,,00:00:00,,0.454545,0.909091
2026-08-22,2026-08-22,"2 - Nueva - Copia",120252605987120202,active,4,actions:leadgen.other,1948.09,"Con el presupuesto de la campaña",0,7792.36,1382,1229,"En curso","7 días tras clic o 1 día tras visualización",0,ABSOLUTE_OCPM,2026-08-23T20:51:53-0300,"Por encima del promedio",Promedio,"Por encima del promedio","Nueva campaña de Clientes potenciales V.2 - Argentina","Clientes potenciales",1.124491,5638.465991,13,599.412308,0.940666,21,1.519537,4,1948.09,,14,,,,1,,,,,,,,,,,00:00:00,,0.976404,1.301871
2026-08-21,2026-08-21,"Nuevo anuncio de Clientes potenciales - Copia 4",120252849439060202,active,,,,"Con el presupuesto de la campaña",0,21.74,6,6,"En curso","7 días tras clic o 1 día tras visualización",0,ABSOLUTE_OCPM,2026-08-23T20:51:53-0300,-,-,-,"Nueva campaña de Clientes potenciales V.2 - Argentina","Clientes potenciales",1,3623.333333,,,,0,0,,,,,,,,,,,,,,,,,,,00:00:00,,0,0
2026-08-21,2026-08-21,"2 - Nueva - Copia 3",120252606034020202,active,,,,"Con el presupuesto de la campaña",0,26.43,7,7,"En curso","7 días tras clic o 1 día tras visualización",0,ABSOLUTE_OCPM,2026-08-23T20:51:53-0300,-,-,-,"Nueva campaña de Clientes potenciales V.2 - Argentina","Clientes potenciales",1,3775.714286,,,,0,0,,,,,,,,,,,,,,,,,,,00:00:00,,0,0
2026-08-21,2026-08-21,"2 - Nueva - Copia 2",120252606006150202,active,1,actions:leadgen.other,1101.2,"Con el presupuesto de la campaña",0,1101.2,211,202,"En curso","7 días tras clic o 1 día tras visualización",0,ABSOLUTE_OCPM,2026-08-23T20:51:53-0300,-,-,-,"Nueva campaña de Clientes potenciales V.2 - Argentina","Clientes potenciales",1.044554,5218.957346,2,550.6,0.947867,4,1.895735,1,1101.2,,3,,1,,,,,,,,,,,,,00:00:00,,0.990099,1.485149
2026-08-21,2026-08-21,"2 - Nueva - Copia",120252605987120202,active,3,actions:leadgen.other,2550.27,"Con el presupuesto de la campaña",0,7650.81,1319,1168,"En curso","7 días tras clic o 1 día tras visualización",0,ABSOLUTE_OCPM,2026-08-23T20:51:53-0300,Promedio,Promedio,"Por encima del promedio","Nueva campaña de Clientes potenciales V.2 - Argentina","Clientes potenciales",1.129281,5800.462472,21,364.324286,1.592115,31,2.350265,3,2550.27,,22,,1,,,,,,,,,,,,,00:00:00,,1.712329,2.226027
2026-08-20,2026-08-20,"Nuevo anuncio de Clientes potenciales - Copia 4",120252849439060202,active,,,,"Con el presupuesto de la campaña",0,0,0,0,"En curso","7 días tras clic o 1 día tras visualización",0,ABSOLUTE_OCPM,2026-08-23T20:51:53-0300,-,-,-,"Nueva campaña de Clientes potenciales V.2 - Argentina","Clientes potenciales",0,0,,,,0,0,,,,,,,,,,,,,,,,,,,00:00:00,,0,0
2026-08-20,2026-08-20,"2 - Nueva - Copia 3",120252606034020202,active,,,,"Con el presupuesto de la campaña",0,0,0,0,"En curso","7 días tras clic o 1 día tras visualización",0,ABSOLUTE_OCPM,2026-08-23T20:51:53-0300,-,-,-,"Nueva campaña de Clientes potenciales V.2 - Argentina","Clientes potenciales",0,0,,,,0,0,,,,,,,,,,,,,,,,,,,00:00:00,,0,0
2026-08-20,2026-08-20,"2 - Nueva - Copia 2",120252606006150202,active,1,actions:leadgen.other,3014.52,"Con el presupuesto de la campaña",0,3014.52,452,413,"En curso","7 días tras clic o 1 día tras visualización",0,ABSOLUTE_OCPM,2026-08-23T20:51:53-0300,-,-,-,"Nueva campaña de Clientes potenciales V.2 - Argentina","Clientes potenciales",1.094431,6669.292035,3,1004.84,0.663717,7,1.548673,1,3014.52,2,4,1,,,,,,,,,,,,,,00:00:00,,0.726392,1.452785
2026-08-20,2026-08-20,"2 - Nueva - Copia",120252605987120202,active,3,actions:leadgen.other,2142.01666667,"Con el presupuesto de la campaña",0,6426.05,1111,985,"En curso","7 días tras clic o 1 día tras visualización",0,ABSOLUTE_OCPM,2026-08-23T20:51:53-0300,Promedio,"Por encima del promedio","Por encima del promedio","Nueva campaña de Clientes potenciales V.2 - Argentina","Clientes potenciales",1.127919,5784.023402,13,494.311538,1.170117,26,2.340234,3,2142.016667,,14,1,,,,,,,,,,,,,,00:00:00,,1.319797,2.030457
2026-08-19,2026-08-19,"Nuevo anuncio de Clientes potenciales - Copia 4",120252849439060202,active,,,,"Con el presupuesto de la campaña",0,38.82,7,7,"En curso","7 días tras clic o 1 día tras visualización",0,ABSOLUTE_OCPM,2026-08-23T20:51:53-0300,-,-,-,"Nueva campaña de Clientes potenciales V.2 - Argentina","Clientes potenciales",1,5545.714286,,,,0,0,,,,,,,,,,,,,,,,,,,00:00:00,,0,0
2026-08-19,2026-08-19,"2 - Nueva - Copia 3",120252606034020202,active,,,,"Con el presupuesto de la campaña",0,76.32,9,9,"En curso","7 días tras clic o 1 día tras visualización",0,ABSOLUTE_OCPM,2026-08-23T20:51:53-0300,-,-,-,"Nueva campaña de Clientes potenciales V.2 - Argentina","Clientes potenciales",1,8480,,,,0,0,,,,,,,,,,,,,,,,,,,00:00:00,,0,0
2026-08-19,2026-08-19,"2 - Nueva - Copia 2",120252606006150202,active,,,,"Con el presupuesto de la campaña",0,1753.81,283,269,"En curso","7 días tras clic o 1 día tras visualización",0,ABSOLUTE_OCPM,2026-08-23T20:51:53-0300,-,-,-,"Nueva campaña de Clientes potenciales V.2 - Argentina","Clientes potenciales",1.052045,6197.208481,1,1753.81,0.353357,2,0.706714,,,,1,,,,,,,,,,,,,,,00:00:00,,0.371747,0.743494
2026-08-19,2026-08-19,"2 - Nueva - Copia",120252605987120202,active,3,actions:leadgen.other,2387.9,"Con el presupuesto de la campaña",0,7163.7,1121,1003,"En curso","7 días tras clic o 1 día tras visualización",0,ABSOLUTE_OCPM,2026-08-23T20:51:53-0300,Promedio,Promedio,"Por encima del promedio","Nueva campaña de Clientes potenciales V.2 - Argentina","Clientes potenciales",1.117647,6390.454951,21,341.128571,1.873327,36,3.211418,3,2387.9,2,23,1,1,,,,,,,,,,,,,00:00:00,,1.994018,2.791625
2026-08-18,2026-08-18,"Nuevo anuncio de Clientes potenciales - Copia 4",120252849439060202,active,,,,"Con el presupuesto de la campaña",0,65.1,6,5,"En curso","7 días tras clic o 1 día tras visualización",0,ABSOLUTE_OCPM,2026-08-23T20:51:53-0300,-,-,-,"Nueva campaña de Clientes potenciales V.2 - Argentina","Clientes potenciales",1.2,10850,,,,0,0,,,,,,,,,,,,,,,,,,,00:00:00,,0,0
2026-08-18,2026-08-18,"2 - Nueva - Copia 3",120252606034020202,active,,,,"Con el presupuesto de la campaña",0,0,0,0,"En curso","7 días tras clic o 1 día tras visualización",0,ABSOLUTE_OCPM,2026-08-23T20:51:53-0300,-,-,-,"Nueva campaña de Clientes potenciales V.2 - Argentina","Clientes potenciales",0,0,,,,0,0,,,1,,,,,,,,,,,,,,,,00:00:00,,0,0
2026-08-18,2026-08-18,"2 - Nueva - Copia 2",120252606006150202,active,2,actions:leadgen.other,2554.685,"Con el presupuesto de la campaña",0,5109.37,1009,903,"En curso","7 días tras clic o 1 día tras visualización",0,ABSOLUTE_OCPM,2026-08-23T20:51:53-0300,Promedio,"Por encima del promedio","Por encima del promedio","Nueva campaña de Clientes potenciales V.2 - Argentina","Clientes potenciales",1.117386,5063.795837,5,1021.874,0.49554,14,1.387512,2,2554.685,2,7,1,,1,,,,,,,,,,,,00:00:00,,0.55371,1.328904
2026-08-18,2026-08-18,"2 - Nueva - Copia",120252605987120202,active,5,actions:leadgen.other,1096.55,"Con el presupuesto de la campaña",0,5482.75,935,863,"En curso","7 días tras clic o 1 día tras visualización",0,ABSOLUTE_OCPM,2026-08-23T20:51:53-0300,Promedio,Promedio,"Por encima del promedio","Nueva campaña de Clientes potenciales V.2 - Argentina","Clientes potenciales",1.08343,5863.903743,17,322.514706,1.818182,30,3.208556,5,1096.55,7,20,1,1,,1,,,,,,,,,,,00:00:00,,1.853998,2.549247
2026-08-17,2026-08-17,"Nuevo anuncio de Clientes potenciales - Copia 4",120252849439060202,active,,,,"Con el presupuesto de la campaña",0,30.4,4,4,"En curso","7 días tras clic o 1 día tras visualización",0,ABSOLUTE_OCPM,2026-08-23T20:51:53-0300,-,-,-,"Nueva campaña de Clientes potenciales V.2 - Argentina","Clientes potenciales",1,7600,,,,0,0,,,,,,,,,,,,,,,,,,,00:00:00,,0,0
2026-08-17,2026-08-17,"2 - Nueva - Copia 3",120252606034020202,active,1,actions:leadgen.other,29.4,"Con el presupuesto de la campaña",0,29.4,5,5,"En curso","7 días tras clic o 1 día tras visualización",0,ABSOLUTE_OCPM,2026-08-23T20:51:53-0300,-,-,-,"Nueva campaña de Clientes potenciales V.2 - Argentina","Clientes potenciales",1,5880,1,29.4,20,2,40,1,29.4,,1,,,,,,,,,,,,,,,00:00:00,,20,20
2026-08-17,2026-08-17,"2 - Nueva - Copia 2",120252606006150202,active,1,actions:leadgen.other,4117.57,"Con el presupuesto de la campaña",0,4117.57,763,671,"En curso","7 días tras clic o 1 día tras visualización",0,ABSOLUTE_OCPM,2026-08-23T20:51:53-0300,Promedio,"Por encima del promedio","Por encima del promedio","Nueva campaña de Clientes potenciales V.2 - Argentina","Clientes potenciales",1.137109,5396.55308,5,823.514,0.655308,14,1.834862,1,4117.57,1,8,2,,,1,,,,,,,,,,,00:00:00,,0.745156,1.788376
2026-08-17,2026-08-17,"2 - Nueva - Copia",120252605987120202,active,6,actions:leadgen.other,1291.77,"Con el presupuesto de la campaña",0,7750.62,1256,1081,"En curso","7 días tras clic o 1 día tras visualización",0,ABSOLUTE_OCPM,2026-08-23T20:51:53-0300,Promedio,Promedio,"Por encima del promedio","Nueva campaña de Clientes potenciales V.2 - Argentina","Clientes potenciales",1.161887,6170.875796,19,407.927368,1.512739,36,2.866242,6,1291.77,4,20,,,,1,,,,,,,,,,,00:00:00,,1.665125,2.682701
2026-08-16,2026-08-16,"Nuevo anuncio de Clientes potenciales - Copia 4",120252849439060202,active,,,,"Con el presupuesto de la campaña",0,41.25,3,3,"En curso","7 días tras clic o 1 día tras visualización",0,ABSOLUTE_OCPM,2026-08-23T20:51:53-0300,-,-,-,"Nueva campaña de Clientes potenciales V.2 - Argentina","Clientes potenciales",1,13750,,,,0,0,,,,,,,,,,,,,,,,,,,00:00:00,,0,0
2026-08-16,2026-08-16,"2 - Nueva - Copia 3",120252606034020202,active,,,,"Con el presupuesto de la campaña",0,0,0,0,"En curso","7 días tras clic o 1 día tras visualización",0,ABSOLUTE_OCPM,2026-08-23T20:51:53-0300,-,-,-,"Nueva campaña de Clientes potenciales V.2 - Argentina","Clientes potenciales",0,0,,,,0,0,,,,,,,,,,,,,,,,,,,00:00:00,,0,0
2026-08-16,2026-08-16,"2 - Nueva - Copia 2",120252606006150202,active,,,,"Con el presupuesto de la campaña",0,100.02,10,9,"En curso","7 días tras clic o 1 día tras visualización",0,ABSOLUTE_OCPM,2026-08-23T20:51:53-0300,-,-,-,"Nueva campaña de Clientes potenciales V.2 - Argentina","Clientes potenciales",1.111111,10002,,,,0,0,,,,,,,,,,,,,,,,,,,00:00:00,,0,0
2026-08-16,2026-08-16,"2 - Nueva - Copia",120252605987120202,active,7,actions:leadgen.other,1527.82142857,"Con el presupuesto de la campaña",0,10694.75,1752,1476,"En curso","7 días tras clic o 1 día tras visualización",0,ABSOLUTE_OCPM,2026-08-23T20:51:53-0300,Promedio,Promedio,"Por encima del promedio","Nueva campaña de Clientes potenciales V.2 - Argentina","Clientes potenciales",1.186992,6104.309361,23,464.98913,1.312785,48,2.739726,7,1527.821429,3,28,2,3,,,,,,,,,,,,,00:00:00,,1.490515,2.574526
2026-08-15,2026-08-15,"Nuevo anuncio de Clientes potenciales - Copia 4",120252849439060202,active,,,,"Con el presupuesto de la campaña",0,0,0,0,"En curso","7 días tras clic o 1 día tras visualización",0,ABSOLUTE_OCPM,2026-08-23T20:51:53-0300,-,-,-,"Nueva campaña de Clientes potenciales V.2 - Argentina","Clientes potenciales",0,0,,,,0,0,,,,,,,,,,,,,,,,,,,00:00:00,,0,0
2026-08-15,2026-08-15,"2 - Nueva - Copia 3",120252606034020202,active,,,,"Con el presupuesto de la campaña",0,0,0,0,"En curso","7 días tras clic o 1 día tras visualización",0,ABSOLUTE_OCPM,2026-08-23T20:51:53-0300,-,-,-,"Nueva campaña de Clientes potenciales V.2 - Argentina","Clientes potenciales",0,0,,,,0,0,,,,,,,,,,,,,,,,,,,00:00:00,,0,0
2026-08-15,2026-08-15,"2 - Nueva - Copia 2",120252606006150202,active,,,,"Con el presupuesto de la campaña",0,15.61,2,1,"En curso","7 días tras clic o 1 día tras visualización",0,ABSOLUTE_OCPM,2026-08-23T20:51:53-0300,-,-,-,"Nueva campaña de Clientes potenciales V.2 - Argentina","Clientes potenciales",2,7805,,,,0,0,,,,,,,,,,,,,,,,,,,00:00:00,,0,0
2026-08-15,2026-08-15,"2 - Nueva - Copia",120252605987120202,active,3,actions:leadgen.other,3272.85333333,"Con el presupuesto de la campaña",0,9818.56,1615,1330,"En curso","7 días tras clic o 1 día tras visualización",0,ABSOLUTE_OCPM,2026-08-23T20:51:53-0300,Promedio,Promedio,"Por encima del promedio","Nueva campaña de Clientes potenciales V.2 - Argentina","Clientes potenciales",1.214286,6079.603715,21,467.550476,1.30031,29,1.795666,3,3272.853333,3,21,,,,,,,,,,,,,,,00:00:00,,1.503759,1.879699
2026-08-14,2026-08-14,"Nuevo anuncio de Clientes potenciales - Copia 4",120252849439060202,active,,,,"Con el presupuesto de la campaña",0,229.53,33,31,"En curso","7 días tras clic o 1 día tras visualización",0,ABSOLUTE_OCPM,2026-08-23T20:51:53-0300,-,-,-,"Nueva campaña de Clientes potenciales V.2 - Argentina","Clientes potenciales",1.064516,6955.454545,1,229.53,3.030303,1,3.030303,,,,1,,,,,,,,,,,,,,,00:00:00,,3.225806,3.225806
2026-08-14,2026-08-14,"2 - Nueva - Copia 3",120252606034020202,active,,,,"Con el presupuesto de la campaña",0,0,0,0,"En curso","7 días tras clic o 1 día tras visualización",0,ABSOLUTE_OCPM,2026-08-23T20:51:53-0300,-,-,-,"Nueva campaña de Clientes potenciales V.2 - Argentina","Clientes potenciales",0,0,,,,0,0,,,,,,,,,,,,,,,,,,,00:00:00,,0,0
2026-08-14,2026-08-14,"2 - Nueva - Copia 2",120252606006150202,active,,,,"Con el presupuesto de la campaña",0,90.14,12,12,"En curso","7 días tras clic o 1 día tras visualización",0,ABSOLUTE_OCPM,2026-08-23T20:51:53-0300,-,-,-,"Nueva campaña de Clientes potenciales V.2 - Argentina","Clientes potenciales",1,7511.666667,,,,0,0,,,,1,,1,,,,,,,,,,,,,00:00:00,,0,0
2026-08-14,2026-08-14,"2 - Nueva - Copia",120252605987120202,active,4,actions:leadgen.other,1957.6825,"Con el presupuesto de la campaña",0,7830.73,1535,1307,"En curso","7 días tras clic o 1 día tras visualización",0,ABSOLUTE_OCPM,2026-08-23T20:51:53-0300,Promedio,Promedio,"Por encima del promedio","Nueva campaña de Clientes potenciales V.2 - Argentina","Clientes potenciales",1.174445,5101.452769,15,522.048667,0.977199,32,2.084691,4,1957.6825,4,17,,2,,,,,,,,,,,,,00:00:00,,1.071155,2.0658
2026-08-13,2026-08-13,"Nuevo anuncio de Clientes potenciales - Copia 4",120252849439060202,active,,,,"Con el presupuesto de la campaña",0,223.65,55,55,"En curso","7 días tras clic o 1 día tras visualización",0,ABSOLUTE_OCPM,2026-08-23T20:51:53-0300,-,-,-,"Nueva campaña de Clientes potenciales V.2 - Argentina","Clientes potenciales",1,4066.363636,,,,0,0,,,,,,,,,,,,,,,,,,,00:00:00,,0,0
2026-08-13,2026-08-13,"2 - Nueva - Copia 3",120252606034020202,active,,,,"Con el presupuesto de la campaña",0,0,0,0,"En curso","7 días tras clic o 1 día tras visualización",0,ABSOLUTE_OCPM,2026-08-23T20:51:53-0300,-,-,-,"Nueva campaña de Clientes potenciales V.2 - Argentina","Clientes potenciales",0,0,,,,0,0,,,,,,,,,,,,,,,,,,,00:00:00,,0,0
2026-08-13,2026-08-13,"2 - Nueva - Copia 2",120252606006150202,active,,,,"Con el presupuesto de la campaña",0,2.08,1,1,"En curso","7 días tras clic o 1 día tras visualización",0,ABSOLUTE_OCPM,2026-08-23T20:51:53-0300,-,-,-,"Nueva campaña de Clientes potenciales V.2 - Argentina","Clientes potenciales",1,2080,,,,0,0,,,,,,,,,,,,,,,,,,,00:00:00,,0,0
2026-08-13,2026-08-13,"2 - Nueva - Copia",120252605987120202,active,2,actions:leadgen.other,4127.975,"Con el presupuesto de la campaña",0,8255.95,1656,1386,"En curso","7 días tras clic o 1 día tras visualización",0,ABSOLUTE_OCPM,2026-08-23T20:51:53-0300,Promedio,Promedio,"Por encima del promedio","Nueva campaña de Clientes potenciales V.2 - Argentina","Clientes potenciales",1.194805,4985.477053,20,412.7975,1.207729,34,2.05314,2,4127.975,3,23,1,1,,1,,,,,,,,,,,00:00:00,,1.370851,2.020202
2026-08-12,2026-08-12,"Nuevo anuncio de Clientes potenciales - Copia 4",120252849439060202,active,,,,"Con el presupuesto de la campaña",0,675.51,86,85,"En curso","7 días tras clic o 1 día tras visualización",0,ABSOLUTE_OCPM,2026-08-23T20:51:53-0300,-,-,-,"Nueva campaña de Clientes potenciales V.2 - Argentina","Clientes potenciales",1.011765,7854.767442,1,675.51,1.162791,2,2.325581,,,1,1,,,,,,,,,,,,,,,00:00:00,,1.176471,1.176471
2026-08-12,2026-08-12,"2 - Nueva - Copia 3",120252606034020202,active,,,,"Con el presupuesto de la campaña",0,0,0,0,"En curso","7 días tras clic o 1 día tras visualización",0,ABSOLUTE_OCPM,2026-08-23T20:51:53-0300,-,-,-,"Nueva campaña de Clientes potenciales V.2 - Argentina","Clientes potenciales",0,0,,,,0,0,,,,,,,,,,,,,,,,,,,00:00:00,,0,0
2026-08-12,2026-08-12,"2 - Nueva - Copia 2",120252606006150202,active,,,,"Con el presupuesto de la campaña",0,278.63,38,37,"En curso","7 días tras clic o 1 día tras visualización",0,ABSOLUTE_OCPM,2026-08-23T20:51:53-0300,-,-,-,"Nueva campaña de Clientes potenciales V.2 - Argentina","Clientes potenciales",1.027027,7332.368421,,,,1,2.631579,,,,,,,,,,,,,,,,,,,00:00:00,,0,2.702703
2026-08-12,2026-08-12,"2 - Nueva - Copia",120252605987120202,active,10,actions:leadgen.other,1078.654,"Con el presupuesto de la campaña",0,10786.54,2479,2168,"En curso","7 días tras clic o 1 día tras visualización",0,ABSOLUTE_OCPM,2026-08-23T20:51:53-0300,Promedio,Promedio,"Por encima del promedio","Nueva campaña de Clientes potenciales V.2 - Argentina","Clientes potenciales",1.14345,4351.165793,39,276.577949,1.573215,67,2.702703,10,1078.654,9,45,3,1,1,1,,,,,,,,,,,00:00:00,,1.752768,2.490775
2026-08-11,2026-08-11,"Nuevo anuncio de Clientes potenciales - Copia 4",120252849439060202,active,3,actions:leadgen.other,847.82333333,"Con el presupuesto de la campaña",0,2543.47,349,333,"En curso","7 días tras clic o 1 día tras visualización",0,ABSOLUTE_OCPM,2026-08-23T20:51:53-0300,-,-,-,"Nueva campaña de Clientes potenciales V.2 - Argentina","Clientes potenciales",1.048048,7287.879656,5,508.694,1.432665,9,2.578797,3,847.823333,1,6,1,,,,,,,,,,,,,,00:00:00,,1.501502,1.801802
2026-08-11,2026-08-11,"2 - Nueva - Copia 3",120252606034020202,active,,,,"Con el presupuesto de la campaña",0,40.5,7,7,"En curso","7 días tras clic o 1 día tras visualización",0,ABSOLUTE_OCPM,2026-08-23T20:51:53-0300,-,-,-,"Nueva campaña de Clientes potenciales V.2 - Argentina","Clientes potenciales",1,5785.714286,1,40.5,14.285714,1,14.285714,,,,1,,,,,,,,,,,,,,,00:00:00,,14.285714,14.285714
2026-08-11,2026-08-11,"2 - Nueva - Copia 2",120252606006150202,active,,,,"Con el presupuesto de la campaña",0,560.67,88,82,"En curso","7 días tras clic o 1 día tras visualización",0,ABSOLUTE_OCPM,2026-08-23T20:51:53-0300,-,-,-,"Nueva campaña de Clientes potenciales V.2 - Argentina","Clientes potenciales",1.073171,6371.25,,,,0,0,,,,,,,,,,,,,,,,,,,00:00:00,,0,0
2026-08-11,2026-08-11,"2 - Nueva - Copia",120252605987120202,active,5,actions:leadgen.other,1258.38,"Con el presupuesto de la campaña",0,6291.9,1471,1191,"En curso","7 días tras clic o 1 día tras visualización",0,ABSOLUTE_OCPM,2026-08-23T20:51:53-0300,Promedio,"Por encima del promedio","Por encima del promedio","Nueva campaña de Clientes potenciales V.2 - Argentina","Clientes potenciales",1.235097,4277.294358,21,299.614286,1.4276,32,2.175391,5,1258.38,4,22,1,,,,,,,,,,,,,,00:00:00,,1.763224,2.267003
2026-08-10,2026-08-10,"Nuevo anuncio de Clientes potenciales - Copia 4",120252849439060202,active,3,actions:leadgen.other,2115.31,"Con el presupuesto de la campaña",0,6345.93,1310,1095,"En curso","7 días tras clic o 1 día tras visualización",0,ABSOLUTE_OCPM,2026-08-23T20:51:53-0300,Promedio,Promedio,"Por encima del promedio","Nueva campaña de Clientes potenciales V.2 - Argentina","Clientes potenciales",1.196347,4844.221374,17,373.29,1.29771,27,2.061069,3,2115.31,1,17,,,,,,,,,,,,,,,00:00:00,,1.461187,1.826484
2026-08-10,2026-08-10,"2 - Nueva - Copia 3",120252606034020202,active,,,,"Con el presupuesto de la campaña",0,46.1,9,8,"En curso","7 días tras clic o 1 día tras visualización",0,ABSOLUTE_OCPM,2026-08-23T20:51:53-0300,-,-,-,"Nueva campaña de Clientes potenciales V.2 - Argentina","Clientes potenciales",1.125,5122.222222,,,,0,0,,,,,,,,,,,,,,,,,,,00:00:00,,0,0
2026-08-10,2026-08-10,"2 - Nueva - Copia 2",120252606006150202,active,,,,"Con el presupuesto de la campaña",0,777.09,221,209,"En curso","7 días tras clic o 1 día tras visualización",0,ABSOLUTE_OCPM,2026-08-23T20:51:53-0300,-,-,-,"Nueva campaña de Clientes potenciales V.2 - Argentina","Clientes potenciales",1.057416,3516.244344,2,388.545,0.904977,4,1.809955,,,1,2,,,,,,,,,,,,,,,00:00:00,,0.956938,1.913876
2026-08-10,2026-08-10,"2 - Nueva - Copia",120252605987120202,active,1,actions:leadgen.other,1527.33,"Con el presupuesto de la campaña",0,1527.33,377,328,"En curso","7 días tras clic o 1 día tras visualización",0,ABSOLUTE_OCPM,2026-08-23T20:51:53-0300,-,-,-,"Nueva campaña de Clientes potenciales V.2 - Argentina","Clientes potenciales",1.14939,4051.27321,6,254.555,1.591512,8,2.122016,1,1527.33,,6,,,,,,,,,,,,,,,00:00:00,,1.829268,2.134146
2026-08-09,2026-08-09,"Nuevo anuncio de Clientes potenciales - Copia 4",120252849439060202,active,,,,"Con el presupuesto de la campaña",0,0,0,0,"En curso","7 días tras clic o 1 día tras visualización",0,ABSOLUTE_OCPM,2026-08-23T20:51:53-0300,-,-,-,"Nueva campaña de Clientes potenciales V.2 - Argentina","Clientes potenciales",0,0,,,,0,0,,,,,,,,,,,,,,,,,,,00:00:00,,0,0
2026-08-09,2026-08-09,"2 - Nueva - Copia 3",120252606034020202,active,,,,"Con el presupuesto de la campaña",0,0,0,0,"En curso","7 días tras clic o 1 día tras visualización",0,ABSOLUTE_OCPM,2026-08-23T20:51:53-0300,-,-,-,"Nueva campaña de Clientes potenciales V.2 - Argentina","Clientes potenciales",0,0,,,,0,0,,,,,,,,,,,,,,,,,,,00:00:00,,0,0
2026-08-09,2026-08-09,"2 - Nueva - Copia 2",120252606006150202,active,1,actions:leadgen.other,555.37,"Con el presupuesto de la campaña",0,555.37,100,99,"En curso","7 días tras clic o 1 día tras visualización",0,ABSOLUTE_OCPM,2026-08-23T20:51:53-0300,-,-,-,"Nueva campaña de Clientes potenciales V.2 - Argentina","Clientes potenciales",1.010101,5553.7,3,185.123333,3,6,6,1,555.37,,3,,,,,,,,,,,,,,,00:00:00,,3.030303,5.050505
2026-08-09,2026-08-09,"2 - Nueva - Copia",120252605987120202,active,1,actions:leadgen.other,2500.82,"Con el presupuesto de la campaña",0,2500.82,450,389,"En curso","7 días tras clic o 1 día tras visualización",0,ABSOLUTE_OCPM,2026-08-23T20:51:53-0300,-,-,-,"Nueva campaña de Clientes potenciales V.2 - Argentina","Clientes potenciales",1.156812,5557.377778,8,312.6025,1.777778,13,2.888889,1,2500.82,2,9,,,,1,,,,,,,,,,,00:00:00,,2.056555,3.084833
2026-08-08,2026-08-08,"Nuevo anuncio de Clientes potenciales - Copia 4",120252849439060202,active,,,,"Con el presupuesto de la campaña",0,0,0,0,"En curso","7 días tras clic o 1 día tras visualización",0,ABSOLUTE_OCPM,2026-08-23T20:51:53-0300,-,-,-,"Nueva campaña de Clientes potenciales V.2 - Argentina","Clientes potenciales",0,0,,,,0,0,,,,,,,,,,,,,,,,,,,00:00:00,,0,0
2026-08-08,2026-08-08,"2 - Nueva - Copia 3",120252606034020202,active,,,,"Con el presupuesto de la campaña",0,0,0,0,"En curso","7 días tras clic o 1 día tras visualización",0,ABSOLUTE_OCPM,2026-08-23T20:51:53-0300,-,-,-,"Nueva campaña de Clientes potenciales V.2 - Argentina","Clientes potenciales",0,0,,,,0,0,,,,,,,,,,,,,,,,,,,00:00:00,,0,0
2026-08-08,2026-08-08,"2 - Nueva - Copia 2",120252606006150202,active,,,,"Con el presupuesto de la campaña",0,1123.26,260,246,"En curso","7 días tras clic o 1 día tras visualización",0,ABSOLUTE_OCPM,2026-08-23T20:51:53-0300,-,-,-,"Nueva campaña de Clientes potenciales V.2 - Argentina","Clientes potenciales",1.056911,4320.230769,4,280.815,1.538462,6,2.307692,,,1,4,,,,,,,,,,,,,,,00:00:00,,1.626016,2.03252
2026-08-08,2026-08-08,"2 - Nueva - Copia",120252605987120202,active,4,actions:leadgen.other,1216.42,"Con el presupuesto de la campaña",0,4865.68,704,665,"En curso","7 días tras clic o 1 día tras visualización",0,ABSOLUTE_OCPM,2026-08-23T20:51:53-0300,-,-,-,"Nueva campaña de Clientes potenciales V.2 - Argentina","Clientes potenciales",1.058647,6911.477273,16,304.105,2.272727,23,3.267045,4,1216.42,3,17,,1,,,,,,,,,,,,,00:00:00,,2.255639,2.556391
2026-08-07,2026-08-07,"Nuevo anuncio de Clientes potenciales - Copia 4",120252849439060202,active,,,,"Con el presupuesto de la campaña",0,0,0,0,"En curso","7 días tras clic o 1 día tras visualización",0,ABSOLUTE_OCPM,2026-08-23T20:51:53-0300,-,-,-,"Nueva campaña de Clientes potenciales V.2 - Argentina","Clientes potenciales",0,0,,,,0,0,,,,,,,,,,,,,,,,,,,00:00:00,,0,0
2026-08-07,2026-08-07,"2 - Nueva - Copia 3",120252606034020202,active,,,,"Con el presupuesto de la campaña",0,0,0,0,"En curso","7 días tras clic o 1 día tras visualización",0,ABSOLUTE_OCPM,2026-08-23T20:51:53-0300,-,-,-,"Nueva campaña de Clientes potenciales V.2 - Argentina","Clientes potenciales",0,0,,,,0,0,,,,,,,,,,,,,,,,,,,00:00:00,,0,0
2026-08-07,2026-08-07,"2 - Nueva - Copia 2",120252606006150202,active,1,actions:leadgen.other,1987.11,"Con el presupuesto de la campaña",0,1987.11,439,424,"En curso","7 días tras clic o 1 día tras visualización",0,ABSOLUTE_OCPM,2026-08-23T20:51:53-0300,-,-,-,"Nueva campaña de Clientes potenciales V.2 - Argentina","Clientes potenciales",1.035377,4526.446469,4,496.7775,0.911162,6,1.366743,1,1987.11,1,4,,,,,,,,,,,,,,,00:00:00,,0.943396,1.179245
2026-08-07,2026-08-07,"2 - Nueva - Copia",120252605987120202,active,6,actions:leadgen.other,1191.53833333,"Con el presupuesto de la campaña",0,7149.23,1817,1567,"En curso","7 días tras clic o 1 día tras visualización",0,ABSOLUTE_OCPM,2026-08-23T20:51:53-0300,Promedio,Promedio,"Por encima del promedio","Nueva campaña de Clientes potenciales V.2 - Argentina","Clientes potenciales",1.159541,3934.634012,23,310.836087,1.265823,36,1.981288,6,1191.538333,3,23,,,,,,,,,,,,,,,00:00:00,,1.467773,1.85067
2026-08-06,2026-08-06,"Nuevo anuncio de Clientes potenciales - Copia 4",120252849439060202,active,,,,"Con el presupuesto de la campaña",0,0,0,0,"En curso","7 días tras clic o 1 día tras visualización",0,ABSOLUTE_OCPM,2026-08-23T20:51:53-0300,-,-,-,"Nueva campaña de Clientes potenciales V.2 - Argentina","Clientes potenciales",0,0,,,,0,0,,,,,,,,,,,,,,,,,,,00:00:00,,0,0
2026-08-06,2026-08-06,"2 - Nueva - Copia 3",120252606034020202,active,,,,"Con el presupuesto de la campaña",0,0,0,0,"En curso","7 días tras clic o 1 día tras visualización",0,ABSOLUTE_OCPM,2026-08-23T20:51:53-0300,-,-,-,"Nueva campaña de Clientes potenciales V.2 - Argentina","Clientes potenciales",0,0,,,,0,0,,,,,,,,,,,,,,,,,,,00:00:00,,0,0
2026-08-06,2026-08-06,"2 - Nueva - Copia 2",120252606006150202,active,,,,"Con el presupuesto de la campaña",0,323.07,59,59,"En curso","7 días tras clic o 1 día tras visualización",0,ABSOLUTE_OCPM,2026-08-23T20:51:53-0300,-,-,-,"Nueva campaña de Clientes potenciales V.2 - Argentina","Clientes potenciales",1,5475.762712,,,,1,1.694915,,,1,1,,,,1,,,,,,,,,,,00:00:00,,0,1.694915
2026-08-06,2026-08-06,"2 - Nueva - Copia",120252605987120202,active,2,actions:leadgen.other,338.38,"Con el presupuesto de la campaña",0,676.76,165,145,"En curso","7 días tras clic o 1 día tras visualización",0,ABSOLUTE_OCPM,2026-08-23T20:51:53-0300,-,-,-,"Nueva campaña de Clientes potenciales V.2 - Argentina","Clientes potenciales",1.137931,4101.575758,3,225.586667,1.818182,7,4.242424,2,338.38,,3,,,,,,,,,,,,,,,00:00:00,,2.068966,3.448276
2026-08-05,2026-08-05,"Nuevo anuncio de Clientes potenciales - Copia 4",120252849439060202,active,,,,"Con el presupuesto de la campaña",0,0,0,0,"En curso","7 días tras clic o 1 día tras visualización",0,ABSOLUTE_OCPM,2026-08-23T20:51:53-0300,-,-,-,"Nueva campaña de Clientes potenciales V.2 - Argentina","Clientes potenciales",0,0,,,,0,0,,,,,,,,,,,,,,,,,,,00:00:00,,0,0
2026-08-05,2026-08-05,"2 - Nueva - Copia 3",120252606034020202,active,,,,"Con el presupuesto de la campaña",0,0,0,0,"En curso","7 días tras clic o 1 día tras visualización",0,ABSOLUTE_OCPM,2026-08-23T20:51:53-0300,-,-,-,"Nueva campaña de Clientes potenciales V.2 - Argentina","Clientes potenciales",0,0,,,,0,0,,,,,,,,,,,,,,,,,,,00:00:00,,0,0
2026-08-05,2026-08-05,"2 - Nueva - Copia 2",120252606006150202,active,2,actions:leadgen.other,2716.36,"Con el presupuesto de la campaña",0,5432.72,1429,1191,"En curso","7 días tras clic o 1 día tras visualización",0,ABSOLUTE_OCPM,2026-08-23T20:51:53-0300,Promedio,"Por encima del promedio","Por encima del promedio","Nueva campaña de Clientes potenciales V.2 - Argentina","Clientes potenciales",1.199832,3801.763471,13,417.901538,0.909727,18,1.259622,2,2716.36,1,16,1,2,,,,,,,,,,,,,00:00:00,,1.09152,1.259446
2026-08-05,2026-08-05,"2 - Nueva - Copia",120252605987120202,active,1,actions:leadgen.other,614.09,"Con el presupuesto de la campaña",0,614.09,110,93,"En curso","7 días tras clic o 1 día tras visualización",0,ABSOLUTE_OCPM,2026-08-23T20:51:53-0300,-,-,-,"Nueva campaña de Clientes potenciales V.2 - Argentina","Clientes potenciales",1.182796,5582.636364,5,122.818,4.545455,6,5.454545,1,614.09,,5,,,,,,,,,,,,,,,00:00:00,,4.301075,4.301075
2026-08-04,2026-08-04,"Nuevo anuncio de Clientes potenciales - Copia 4",120252849439060202,active,,,,"Con el presupuesto de la campaña",0,0,0,0,"En curso","7 días tras clic o 1 día tras visualización",0,ABSOLUTE_OCPM,2026-08-23T20:51:53-0300,-,-,-,"Nueva campaña de Clientes potenciales V.2 - Argentina","Clientes potenciales",0,0,,,,0,0,,,,,,,,,,,,,,,,,,,00:00:00,,0,0
2026-08-04,2026-08-04,"2 - Nueva - Copia 3",120252606034020202,active,,,,"Con el presupuesto de la campaña",0,26.84,7,7,"En curso","7 días tras clic o 1 día tras visualización",0,ABSOLUTE_OCPM,2026-08-23T20:51:53-0300,-,-,-,"Nueva campaña de Clientes potenciales V.2 - Argentina","Clientes potenciales",1,3834.285714,,,,0,0,,,,,,,,,,,,,,,,,,,00:00:00,,0,0
2026-08-04,2026-08-04,"2 - Nueva - Copia 2",120252606006150202,active,7,actions:leadgen.other,929.04571429,"Con el presupuesto de la campaña",0,6503.32,1560,1337,"En curso","7 días tras clic o 1 día tras visualización",0,ABSOLUTE_OCPM,2026-08-23T20:51:53-0300,Promedio,"Por encima del promedio","Por encima del promedio","Nueva campaña de Clientes potenciales V.2 - Argentina","Clientes potenciales",1.166791,4168.794872,25,260.1328,1.602564,45,2.884615,7,929.045714,6,30,2,3,,,,,,,,,,,,,00:00:00,,1.795064,2.692595
2026-08-04,2026-08-04,"2 - Nueva - Copia",120252605987120202,active,,,,"Con el presupuesto de la campaña",0,377.76,51,43,"En curso","7 días tras clic o 1 día tras visualización",0,ABSOLUTE_OCPM,2026-08-23T20:51:53-0300,-,-,-,"Nueva campaña de Clientes potenciales V.2 - Argentina","Clientes potenciales",1.186047,7407.058824,2,188.88,3.921569,2,3.921569,,,,2,,,,,,,,,,,,,,,00:00:00,,4.651163,4.651163
2026-08-03,2026-08-03,"Nuevo anuncio de Clientes potenciales - Copia 4",120252849439060202,active,,,,"Con el presupuesto de la campaña",0,0,0,0,"En curso","7 días tras clic o 1 día tras visualización",0,ABSOLUTE_OCPM,2026-08-23T20:51:53-0300,-,-,-,"Nueva campaña de Clientes potenciales V.2 - Argentina","Clientes potenciales",0,0,,,,0,0,,,,,,,,,,,,,,,,,,,00:00:00,,0,0
2026-08-03,2026-08-03,"2 - Nueva - Copia 3",120252606034020202,active,,,,"Con el presupuesto de la campaña",0,141.8,24,24,"En curso","7 días tras clic o 1 día tras visualización",0,ABSOLUTE_OCPM,2026-08-23T20:51:53-0300,-,-,-,"Nueva campaña de Clientes potenciales V.2 - Argentina","Clientes potenciales",1,5908.333333,,,,0,0,,,,,,,,,,,,,,,,,,,00:00:00,,0,0
2026-08-03,2026-08-03,"2 - Nueva - Copia 2",120252606006150202,active,7,actions:leadgen.other,1297.13285714,"Con el presupuesto de la campaña",0,9079.93,1500,1275,"En curso","7 días tras clic o 1 día tras visualización",0,ABSOLUTE_OCPM,2026-08-23T20:51:53-0300,Promedio,"Por encima del promedio","Por encima del promedio","Nueva campaña de Clientes potenciales V.2 - Argentina","Clientes potenciales",1.176471,6053.286667,27,336.293704,1.8,46,3.066667,7,1297.132857,2,34,2,5,,,,,,,,,,,,,00:00:00,,2.117647,3.058824
2026-08-03,2026-08-03,"2 - Nueva - Copia",120252605987120202,active,1,actions:leadgen.other,462.84,"Con el presupuesto de la campaña",0,462.84,57,44,"En curso","7 días tras clic o 1 día tras visualización",0,ABSOLUTE_OCPM,2026-08-23T20:51:53-0300,-,-,-,"Nueva campaña de Clientes potenciales V.2 - Argentina","Clientes potenciales",1.295455,8120,2,231.42,3.508772,2,3.508772,1,462.84,,3,,1,,,,,,,,,1,1,1,,3,,2.272727,2.272727
2026-08-02,2026-08-02,"Nuevo anuncio de Clientes potenciales - Copia 4",120252849439060202,active,,,,"Con el presupuesto de la campaña",0,0,0,0,"En curso","7 días tras clic o 1 día tras visualización",0,ABSOLUTE_OCPM,2026-08-23T20:51:53-0300,-,-,-,"Nueva campaña de Clientes potenciales V.2 - Argentina","Clientes potenciales",0,0,,,,0,0,,,,,,,,,,,,,,,,,,,00:00:00,,0,0
2026-08-02,2026-08-02,"2 - Nueva - Copia 3",120252606034020202,active,,,,"Con el presupuesto de la campaña",0,155.04,33,25,"En curso","7 días tras clic o 1 día tras visualización",0,ABSOLUTE_OCPM,2026-08-23T20:51:53-0300,-,-,-,"Nueva campaña de Clientes potenciales V.2 - Argentina","Clientes potenciales",1.32,4698.181818,1,155.04,3.030303,1,3.030303,,,,1,,,,,,,,,,,,,,,00:00:00,,4,4
2026-08-02,2026-08-02,"2 - Nueva - Copia 2",120252606006150202,active,11,actions:leadgen.other,908.98454545,"Con el presupuesto de la campaña",0,9998.83,1967,1608,"En curso","7 días tras clic o 1 día tras visualización",0,ABSOLUTE_OCPM,2026-08-23T20:51:53-0300,Promedio,"Por encima del promedio","Por encima del promedio","Nueva campaña de Clientes potenciales V.2 - Argentina","Clientes potenciales",1.223259,5083.289273,36,277.745278,1.830198,56,2.846975,11,908.984545,6,38,1,1,,,,,,,,,,,,,00:00:00,,2.238806,2.674129
2026-08-02,2026-08-02,"2 - Nueva - Copia",120252605987120202,active,,,,"Con el presupuesto de la campaña",0,764.22,81,57,"En curso","7 días tras clic o 1 día tras visualización",0,ABSOLUTE_OCPM,2026-08-23T20:51:53-0300,-,-,-,"Nueva campaña de Clientes potenciales V.2 - Argentina","Clientes potenciales",1.421053,9434.814815,1,764.22,1.234568,2,2.469136,,,,1,,,,,,,,,,,,,,,00:00:00,,1.754386,3.508772
2026-08-01,2026-08-01,"Nuevo anuncio de Clientes potenciales - Copia 4",120252849439060202,active,,,,"Con el presupuesto de la campaña",0,0,0,0,"En curso","7 días tras clic o 1 día tras visualización",0,ABSOLUTE_OCPM,2026-08-23T20:51:53-0300,-,-,-,"Nueva campaña de Clientes potenciales V.2 - Argentina","Clientes potenciales",0,0,,,,0,0,,,,,,,,,,,,,,,,,,,00:00:00,,0,0
2026-08-01,2026-08-01,"2 - Nueva - Copia 3",120252606034020202,active,,,,"Con el presupuesto de la campaña",0,60.89,15,15,"En curso","7 días tras clic o 1 día tras visualización",0,ABSOLUTE_OCPM,2026-08-23T20:51:53-0300,-,-,-,"Nueva campaña de Clientes potenciales V.2 - Argentina","Clientes potenciales",1,4059.333333,,,,0,0,,,,,,,,,,,,,,,,,,,00:00:00,,0,0
2026-08-01,2026-08-01,"2 - Nueva - Copia 2",120252606006150202,active,7,actions:leadgen.other,1130.16428571,"Con el presupuesto de la campaña",0,7911.15,1772,1464,"En curso","7 días tras clic o 1 día tras visualización",0,ABSOLUTE_OCPM,2026-08-23T20:51:53-0300,"Por debajo del promedio - 35% de los anuncios menos relevantes","Por encima del promedio","Por encima del promedio","Nueva campaña de Clientes potenciales V.2 - Argentina","Clientes potenciales",1.210383,4464.531603,22,359.597727,1.241535,44,2.48307,7,1130.164286,6,26,,2,1,1,,,,,,,,,,,00:00:00,,1.502732,2.39071
2026-08-01,2026-08-01,"2 - Nueva - Copia",120252605987120202,active,,,,"Con el presupuesto de la campaña",0,347.72,47,38,"En curso","7 días tras clic o 1 día tras visualización",0,ABSOLUTE_OCPM,2026-08-23T20:51:53-0300,-,-,-,"Nueva campaña de Clientes potenciales V.2 - Argentina","Clientes potenciales",1.236842,7398.297872,3,115.906667,6.382979,3,6.382979,,,,3,,,,,,,,,,,1,,,,1,,7.894737,7.894737
2026-07-31,2026-07-31,"Nuevo anuncio de Clientes potenciales - Copia 4",120252849439060202,active,,,,"Con el presupuesto de la campaña",0,0,0,0,"En curso","7 días tras clic o 1 día tras visualización",0,ABSOLUTE_OCPM,2026-08-23T20:51:53-0300,-,-,-,"Nueva campaña de Clientes potenciales V.2 - Argentina","Clientes potenciales",0,0,,,,0,0,,,,,,,,,,,,,,,,,,,00:00:00,,0,0
2026-07-31,2026-07-31,"2 - Nueva - Copia 3",120252606034020202,active,,,,"Con el presupuesto de la campaña",0,378.14,43,39,"En curso","7 días tras clic o 1 día tras visualización",0,ABSOLUTE_OCPM,2026-08-23T20:51:53-0300,-,-,-,"Nueva campaña de Clientes potenciales V.2 - Argentina","Clientes potenciales",1.102564,8793.953488,,,,0,0,,,,1,,,1,,,,,,,,,,,,00:00:00,,0,0
2026-07-31,2026-07-31,"2 - Nueva - Copia 2",120252606006150202,active,7,actions:leadgen.other,881.63428571,"Con el presupuesto de la campaña",0,6171.44,1051,947,"En curso","7 días tras clic o 1 día tras visualización",0,ABSOLUTE_OCPM,2026-08-23T20:51:53-0300,"Por debajo del promedio - 35% de los anuncios menos relevantes",Promedio,"Por encima del promedio","Nueva campaña de Clientes potenciales V.2 - Argentina","Clientes potenciales",1.10982,5871.969553,16,385.715,1.52236,24,2.283539,7,881.634286,2,19,1,,1,1,,,,,,,,,,,00:00:00,,1.372756,1.795143
2026-07-31,2026-07-31,"2 - Nueva - Copia",120252605987120202,active,1,actions:leadgen.other,247.79,"Con el presupuesto de la campaña",0,247.79,26,24,"En curso","7 días tras clic o 1 día tras visualización",0,ABSOLUTE_OCPM,2026-08-23T20:51:53-0300,-,-,-,"Nueva campaña de Clientes potenciales V.2 - Argentina","Clientes potenciales",1.083333,9530.384615,3,82.596667,11.538462,5,19.230769,1,247.79,,4,,,,,,,,,,1,1,1,1,1,5,1,12.5,12.5
2026-07-30,2026-07-30,"Nuevo anuncio de Clientes potenciales - Copia 4",120252849439060202,active,,,,"Con el presupuesto de la campaña",0,0,0,0,"En curso","7 días tras clic o 1 día tras visualización",0,ABSOLUTE_OCPM,2026-08-23T20:51:53-0300,-,-,-,"Nueva campaña de Clientes potenciales V.2 - Argentina","Clientes potenciales",0,0,,,,0,0,,,,,,,,,,,,,,,,,,,00:00:00,,0,0
2026-07-30,2026-07-30,"2 - Nueva - Copia 3",120252606034020202,active,,,,"Con el presupuesto de la campaña",0,0,0,0,"En curso","7 días tras clic o 1 día tras visualización",0,ABSOLUTE_OCPM,2026-08-23T20:51:53-0300,-,-,-,"Nueva campaña de Clientes potenciales V.2 - Argentina","Clientes potenciales",0,0,,,,0,0,,,,,,,,,,,,,,,,,,,00:00:00,,0,0
2026-07-30,2026-07-30,"2 - Nueva - Copia 2",120252606006150202,active,,,,"Con el presupuesto de la campaña",0,0,0,0,"En curso","7 días tras clic o 1 día tras visualización",0,ABSOLUTE_OCPM,2026-08-23T20:51:53-0300,-,-,-,"Nueva campaña de Clientes potenciales V.2 - Argentina","Clientes potenciales",0,0,,,,0,0,,,,,,,,,,,,,,,,,,,00:00:00,,0,0
2026-07-30,2026-07-30,"2 - Nueva - Copia",120252605987120202,active,,,,"Con el presupuesto de la campaña",0,0,0,0,"En curso","7 días tras clic o 1 día tras visualización",0,ABSOLUTE_OCPM,2026-08-23T20:51:53-0300,-,-,-,"Nueva campaña de Clientes potenciales V.2 - Argentina","Clientes potenciales",0,0,,,,0,0,,,,,,,,,,,,,,,,,,,00:00:00,,0,0
2026-07-29,2026-07-29,"Nuevo anuncio de Clientes potenciales - Copia 4",120252849439060202,active,,,,"Con el presupuesto de la campaña",0,0,0,0,"En curso","7 días tras clic o 1 día tras visualización",0,ABSOLUTE_OCPM,2026-08-23T20:51:53-0300,-,-,-,"Nueva campaña de Clientes potenciales V.2 - Argentina","Clientes potenciales",0,0,,,,0,0,,,,,,,,,,,,,,,,,,,00:00:00,,0,0
2026-07-29,2026-07-29,"2 - Nueva - Copia 3",120252606034020202,active,,,,"Con el presupuesto de la campaña",0,0,0,0,"En curso","7 días tras clic o 1 día tras visualización",0,ABSOLUTE_OCPM,2026-08-23T20:51:53-0300,-,-,-,"Nueva campaña de Clientes potenciales V.2 - Argentina","Clientes potenciales",0,0,,,,0,0,,,,,,,,,,,,,,,,,,,00:00:00,,0,0
2026-07-29,2026-07-29,"2 - Nueva - Copia 2",120252606006150202,active,,,,"Con el presupuesto de la campaña",0,0,0,0,"En curso","7 días tras clic o 1 día tras visualización",0,ABSOLUTE_OCPM,2026-08-23T20:51:53-0300,-,-,-,"Nueva campaña de Clientes potenciales V.2 - Argentina","Clientes potenciales",0,0,,,,0,0,,,,,,,,,,,,,,,,,,,00:00:00,,0,0
2026-07-29,2026-07-29,"2 - Nueva - Copia",120252605987120202,active,,,,"Con el presupuesto de la campaña",0,0,0,0,"En curso","7 días tras clic o 1 día tras visualización",0,ABSOLUTE_OCPM,2026-08-23T20:51:53-0300,-,-,-,"Nueva campaña de Clientes potenciales V.2 - Argentina","Clientes potenciales",0,0,,,,0,0,,,,,,,,,,,,,,,,,,,00:00:00,,0,0
2026-07-28,2026-07-28,"Nuevo anuncio de Clientes potenciales - Copia 4",120252849439060202,active,,,,"Con el presupuesto de la campaña",0,0,0,0,"En curso","7 días tras clic o 1 día tras visualización",0,ABSOLUTE_OCPM,2026-08-23T20:51:53-0300,-,-,-,"Nueva campaña de Clientes potenciales V.2 - Argentina","Clientes potenciales",0,0,,,,0,0,,,,,,,,,,,,,,,,,,,00:00:00,,0,0
2026-07-28,2026-07-28,"2 - Nueva - Copia 3",120252606034020202,active,,,,"Con el presupuesto de la campaña",0,0,0,0,"En curso","7 días tras clic o 1 día tras visualización",0,ABSOLUTE_OCPM,2026-08-23T20:51:53-0300,-,-,-,"Nueva campaña de Clientes potenciales V.2 - Argentina","Clientes potenciales",0,0,,,,0,0,,,,,,,,,,,,,,,,,,,00:00:00,,0,0
2026-07-28,2026-07-28,"2 - Nueva - Copia 2",120252606006150202,active,,,,"Con el presupuesto de la campaña",0,0,0,0,"En curso","7 días tras clic o 1 día tras visualización",0,ABSOLUTE_OCPM,2026-08-23T20:51:53-0300,-,-,-,"Nueva campaña de Clientes potenciales V.2 - Argentina","Clientes potenciales",0,0,,,,0,0,,,,,,,,,,,,,,,,,,,00:00:00,,0,0
2026-07-28,2026-07-28,"2 - Nueva - Copia",120252605987120202,active,,,,"Con el presupuesto de la campaña",0,0,0,0,"En curso","7 días tras clic o 1 día tras visualización",0,ABSOLUTE_OCPM,2026-08-23T20:51:53-0300,-,-,-,"Nueva campaña de Clientes potenciales V.2 - Argentina","Clientes potenciales",0,0,,,,0,0,,,,,,,,,,,,,,,,,,,00:00:00,,0,0
2026-07-27,2026-07-27,"Nuevo anuncio de Clientes potenciales - Copia 4",120252849439060202,active,,,,"Con el presupuesto de la campaña",0,0,0,0,"En curso","7 días tras clic o 1 día tras visualización",0,ABSOLUTE_OCPM,2026-08-23T20:51:53-0300,-,-,-,"Nueva campaña de Clientes potenciales V.2 - Argentina","Clientes potenciales",0,0,,,,0,0,,,,,,,,,,,,,,,,,,,00:00:00,,0,0
2026-07-27,2026-07-27,"2 - Nueva - Copia 3",120252606034020202,active,,,,"Con el presupuesto de la campaña",0,0,0,0,"En curso","7 días tras clic o 1 día tras visualización",0,ABSOLUTE_OCPM,2026-08-23T20:51:53-0300,-,-,-,"Nueva campaña de Clientes potenciales V.2 - Argentina","Clientes potenciales",0,0,,,,0,0,,,,,,,,,,,,,,,,,,,00:00:00,,0,0
2026-07-27,2026-07-27,"2 - Nueva - Copia 2",120252606006150202,active,,,,"Con el presupuesto de la campaña",0,0,0,0,"En curso","7 días tras clic o 1 día tras visualización",0,ABSOLUTE_OCPM,2026-08-23T20:51:53-0300,-,-,-,"Nueva campaña de Clientes potenciales V.2 - Argentina","Clientes potenciales",0,0,,,,0,0,,,,,,,,,,,,,,,,,,,00:00:00,,0,0
2026-07-27,2026-07-27,"2 - Nueva - Copia",120252605987120202,active,,,,"Con el presupuesto de la campaña",0,0,0,0,"En curso","7 días tras clic o 1 día tras visualización",0,ABSOLUTE_OCPM,2026-08-23T20:51:53-0300,-,-,-,"Nueva campaña de Clientes potenciales V.2 - Argentina","Clientes potenciales",0,0,,,,0,0,,,,,,,,,,,,,,,,,,,00:00:00,,0,0
