Nombre del anuncio,Inicio del informe,Importe gastado (ARS),Impresiones,Alcance,Frecuencia,Clics en el enlace,Visitas a la página de destino,Artículos agregados al carrito,Pagos iniciados,Compras,Valor de conversión de compras,Reproducciones de video de 3 segundos,ThruPlays,Resultados,Nombre de la campaña,Conversaciones de mensajes,Clientes potenciales
Nuevo anuncio de Clientes potenciales - Copia 3,2026-06-30,647.67,115,111,1.036036,0,0,0,0,0,0,3,1,0,Nueva campaña de Clientes potenciales,0,0
Nuevo anuncio de Clientes potenciales - Copia 3,2026-06-30,2132.56,395,375,1.053333,9,0,0,0,0,0,2,2,2,Nueva campaña de Clientes potenciales,0,2
Nuevo anuncio de Clientes potenciales - Copia 4,2026-06-30,3673.7,942,904,1.042035,19,0,0,0,0,0,0,0,4,Nueva campaña de Clientes potenciales,2,4
Nuevo anuncio de Clientes potenciales - Copia 3,2026-07-01,0,2,2,1,0,0,0,0,0,0,0,0,0,Nueva campaña de Clientes potenciales,0,0
Nuevo anuncio de Clientes potenciales - Copia 3,2026-07-01,2762.02,751,651,1.15361,10,0,0,0,0,0,13,7,0,Nueva campaña de Clientes potenciales,1,0
Nuevo anuncio de Clientes potenciales - Copia 4,2026-07-01,5473.58,1372,1225,1.12,18,0,0,0,0,0,3,0,3,Nueva campaña de Clientes potenciales,2,3
Nuevo anuncio de Clientes potenciales - Copia 3,2026-07-02,5.36,2,2,1,0,0,0,0,0,0,0,0,0,Nueva campaña de Clientes potenciales,0,0
Nuevo anuncio de Clientes potenciales - Copia 3,2026-07-02,1916.02,570,513,1.111111,9,0,0,0,0,0,31,11,1,Nueva campaña de Clientes potenciales,1,1
Nuevo anuncio de Clientes potenciales - Copia 4,2026-07-02,7195.73,1957,1661,1.178206,39,0,0,0,0,0,4,1,11,Nueva campaña de Clientes potenciales,3,11
Nuevo anuncio de Clientes potenciales - Copia 2,2026-07-03,33.31,8,7,1.142857,0,0,0,0,0,0,0,0,0,Nueva campaña de Clientes potenciales,0,0
Nuevo anuncio de Clientes potenciales - Copia 2,2026-07-03,742.33,144,136,1.058824,0,0,0,0,0,0,1,0,0,Nueva campaña de Clientes potenciales,0,0
Nuevo anuncio de Clientes potenciales - Copia 3,2026-07-03,30.24,5,5,1,0,0,0,0,0,0,1,0,0,Nueva campaña de Clientes potenciales,0,0
Nuevo anuncio de Clientes potenciales - Copia 3,2026-07-03,1229.58,308,288,1.069444,6,0,0,0,0,0,19,5,1,Nueva campaña de Clientes potenciales,0,1
Nuevo anuncio de Clientes potenciales - Copia 4,2026-07-03,9627.05,2478,2113,1.17274,45,0,0,0,0,0,2,0,10,Nueva campaña de Clientes potenciales,5,10
Nuevo anuncio de Clientes potenciales - Copia 2,2026-07-04,111.21,32,31,1.032258,1,0,0,0,0,0,0,0,0,Nueva campaña de Clientes potenciales,0,0
Nuevo anuncio de Clientes potenciales - Copia 3,2026-07-04,229.77,85,79,1.075949,1,0,0,0,0,0,2,1,0,Nueva campaña de Clientes potenciales,0,0
Nuevo anuncio de Clientes potenciales - Copia 4,2026-07-04,3192.42,908,819,1.108669,15,0,0,0,0,0,0,0,3,Nueva campaña de Clientes potenciales,2,3
Nuevo anuncio de Clientes potenciales - Copia 2,2026-07-05,353.35,64,55,1.163636,1,0,0,0,0,0,0,0,0,Nueva campaña de Clientes potenciales,0,0
Nuevo anuncio de Clientes potenciales - Copia 3,2026-07-05,33.9,11,11,1,0,0,0,0,0,0,0,0,0,Nueva campaña de Clientes potenciales,0,0
Nuevo anuncio de Clientes potenciales - Copia 4,2026-07-05,6715.11,1855,1784,1.039798,15,0,0,0,0,0,20,3,3,Nueva campaña de Clientes potenciales,1,3
Nuevo anuncio de Clientes potenciales - Copia 4,2026-07-05,3.48,3,3,1,0,0,0,0,0,0,0,0,0,Nueva campaña de Clientes potenciales,0,0
Nuevo anuncio de Clientes potenciales - Copia 2,2026-07-06,1531.66,408,350,1.165714,8,0,0,0,0,0,0,0,3,Nueva campaña de Clientes potenciales,2,3
Nuevo anuncio de Clientes potenciales - Copia 3,2026-07-06,2.74,1,1,1,0,0,0,0,0,0,0,0,0,Nueva campaña de Clientes potenciales,0,0
Nuevo anuncio de Clientes potenciales - Copia 4,2026-07-06,9648.54,3169,2655,1.193597,34,0,0,0,0,0,102,19,12,Nueva campaña de Clientes potenciales,7,12
Nuevo anuncio de Clientes potenciales - Copia 4,2026-07-06,0,1,1,1,0,0,0,0,0,0,0,0,0,Nueva campaña de Clientes potenciales,0,0
Nuevo anuncio de Clientes potenciales - Copia 2,2026-07-07,1469.02,404,360,1.122222,3,0,0,0,0,0,0,0,1,Nueva campaña de Clientes potenciales,1,1
Nuevo anuncio de Clientes potenciales - Copia 3,2026-07-07,3.03,1,1,1,0,0,0,0,0,0,0,0,0,Nueva campaña de Clientes potenciales,0,0
Nuevo anuncio de Clientes potenciales - Copia 4,2026-07-07,9282.33,3155,2636,1.196889,53,0,0,0,0,0,17,2,14,Nueva campaña de Clientes potenciales,1,14
Nuevo anuncio de Clientes potenciales - Copia 2,2026-07-08,46.45,18,18,1,0,0,0,0,0,0,0,0,0,Nueva campaña de Clientes potenciales,1,0
Nuevo anuncio de Clientes potenciales - Copia 4,2026-07-08,910.39,399,369,1.081301,4,0,0,0,0,0,0,0,0,Nueva campaña de Clientes potenciales,0,0
Nuevo anuncio de Clientes potenciales - Copia 3,2026-07-11,0,1,1,1,0,0,0,0,0,0,0,0,0,Nueva campaña de Clientes potenciales,0,0
Nuevo anuncio de Clientes potenciales - Copia 4,2026-07-11,0,2,2,1,0,0,0,0,0,0,0,0,0,Nueva campaña de Clientes potenciales,0,0
Nuevo anuncio de Clientes potenciales - Copia 2,2026-07-12,0,1,1,1,0,0,0,0,0,0,0,0,0,Nueva campaña de Clientes potenciales,0,0
Nuevo anuncio de Clientes potenciales - Copia 4,2026-07-12,0,1,1,1,0,0,0,0,0,0,0,0,0,Nueva campaña de Clientes potenciales,0,0
Nuevo anuncio de Clientes potenciales - Copia 4,2026-07-13,0,1,1,1,0,0,0,0,0,0,0,0,0,Nueva campaña de Clientes potenciales,0,0
Nuevo anuncio de Clientes potenciales - Copia 4,2026-07-14,0,1,1,1,0,0,0,0,0,0,0,0,0,Nueva campaña de Clientes potenciales,0,0
Nuevo anuncio de Clientes potenciales - Copia 4,2026-07-15,0,1,1,1,0,0,0,0,0,0,0,0,0,Nueva campaña de Clientes potenciales,0,0
Nuevo anuncio de Clientes potenciales - Copia 2,2026-07-16,0,4,4,1,0,0,0,0,0,0,0,0,0,Nueva campaña de Clientes potenciales,0,0
Nuevo anuncio de Clientes potenciales - Copia 4,2026-07-16,0,2,2,1,0,0,0,0,0,0,0,0,0,Nueva campaña de Clientes potenciales,0,0
Nuevo anuncio de Clientes potenciales - Copia 4,2026-07-16,0,1,1,1,0,0,0,0,0,0,0,0,0,Nueva campaña de Clientes potenciales,0,0
Nuevo anuncio de Clientes potenciales - Copia 4,2026-07-18,0,1,1,1,0,0,0,0,0,0,0,0,0,Nueva campaña de Clientes potenciales,0,0
Nuevo anuncio de Clientes potenciales - Copia 4,2026-07-19,0,1,1,1,0,0,0,0,0,0,1,0,0,Nueva campaña de Clientes potenciales,0,0
Nuevo anuncio de Clientes potenciales - Copia 2,2026-07-21,2066.21,817,801,1.019975,6,0,0,0,0,0,75,9,0,Nueva campaña de Clientes potenciales,0,0
1,2026-07-21,3408.6,1054,1054,1,9,0,0,0,0,0,0,0,0,Nueva campaña de Clientes potenciales,0,0
2,2026-07-21,4523.98,2114,2058,1.027211,14,0,0,0,0,0,0,0,0,Nueva campaña de Clientes potenciales,0,0
Nuevo anuncio de Clientes potenciales - Copia 2,2026-07-22,3526.51,390,390,1,4,0,0,0,0,0,0,0,1,Nueva campaña de Clientes potenciales,1,1
1,2026-07-22,3091.09,610,588,1.037415,8,0,0,0,0,0,21,2,2,Nueva campaña de Clientes potenciales,0,2
2,2026-07-22,1190.17,480,480,1,6,0,0,0,0,0,17,1,0,Nueva campaña de Clientes potenciales,0,0
Nuevo anuncio de Clientes potenciales - Copia 2,2026-07-23,1324.11,139,131,1.061069,2,0,0,0,0,0,0,0,1,Nueva campaña de Clientes potenciales,1,1
1,2026-07-23,10581.13,1160,995,1.165829,10,0,0,0,0,0,9,3,4,Nueva campaña de Clientes potenciales,1,4
2,2026-07-23,237.25,28,28,1,1,0,0,0,0,0,0,0,0,Nueva campaña de Clientes potenciales,0,0
Nuevo anuncio de Clientes potenciales - Copia 2,2026-07-24,0.74,1,1,1,0,0,0,0,0,0,0,0,0,Nueva campaña de Clientes potenciales,0,0
1,2026-07-24,49.89,16,16,1,1,0,0,0,0,0,0,0,0,Nueva campaña de Clientes potenciales,0,0
1,2026-07-25,0.2,2,2,1,0,0,0,0,0,0,0,0,0,Nueva campaña de Clientes potenciales,0,0
Nuevo anuncio de Clientes potenciales - Copia 2,2026-07-27,1004.71,148,142,1.042254,4,0,0,0,0,0,0,0,0,Nueva campaña de Clientes potenciales,0,0
1,2026-07-27,6783.76,1370,1279,1.071149,15,0,0,0,0,0,53,14,8,Nueva campaña de Clientes potenciales,2,8
2,2026-07-27,282.77,24,21,1.142857,0,0,0,0,0,0,0,0,0,Nueva campaña de Clientes potenciales,0,0
3,2026-07-27,621.26,90,83,1.084337,0,0,0,0,0,0,8,1,0,Nueva campaña de Clientes potenciales,0,0
4,2026-07-27,884.24,129,120,1.075,1,0,0,0,0,0,1,1,0,Nueva campaña de Clientes potenciales,0,0
Nuevo anuncio de Clientes potenciales - Copia 2,2026-07-28,14.84,2,2,1,0,0,0,0,0,0,0,0,0,Nueva campaña de Clientes potenciales,0,0
1,2026-07-28,9709.36,2206,1974,1.117528,14,0,0,0,0,0,3,1,4,Nueva campaña de Clientes potenciales,2,4
2,2026-07-28,88.9,15,15,1,0,0,0,0,0,0,0,0,0,Nueva campaña de Clientes potenciales,0,0
3,2026-07-28,307.31,43,39,1.102564,1,0,0,0,0,0,3,0,1,Nueva campaña de Clientes potenciales,0,1
4,2026-07-28,300.3,61,59,1.033898,1,0,0,0,0,0,0,0,0,Nueva campaña de Clientes potenciales,0,0
1,2026-07-29,0.99,4,4,1,0,0,0,0,0,0,0,0,0,Nueva campaña de Clientes potenciales,0,0
2,2026-07-29,0.06,1,1,1,0,0,0,0,0,0,0,0,0,Nueva campaña de Clientes potenciales,0,0
3,2026-07-29,0.46,2,2,1,0,0,0,0,0,0,0,0,0,Nueva campaña de Clientes potenciales,0,0
2,2026-07-30,0.3,1,1,1,0,0,0,0,0,0,0,0,0,Nueva campaña de Clientes potenciales,0,0
2 - Nueva - Copia,2026-07-31,247.79,26,24,1.083333,3,0,0,0,0,0,2,1,1,Nueva campaña de Clientes potenciales V.2,0,1
2 - Nueva - Copia 2,2026-07-31,6171.44,1051,947,1.10982,16,0,0,0,0,0,0,0,7,Nueva campaña de Clientes potenciales V.2,1,7
2 - Nueva - Copia 3,2026-07-31,378.14,43,39,1.102564,0,0,0,0,0,0,0,0,0,Nueva campaña de Clientes potenciales V.2,0,0
2 - Nueva - Copia,2026-08-01,347.72,47,38,1.236842,3,0,0,0,0,0,1,0,0,Nueva campaña de Clientes potenciales V.2,0,0
2 - Nueva - Copia 2,2026-08-01,7911.15,1772,1464,1.210383,22,0,0,0,0,0,0,0,7,Nueva campaña de Clientes potenciales V.2,4,7
2 - Nueva - Copia 3,2026-08-01,60.89,15,15,1,0,0,0,0,0,0,0,0,0,Nueva campaña de Clientes potenciales V.2,0,0
2 - Nueva - Copia,2026-08-02,764.22,81,57,1.421053,1,0,0,0,0,0,0,0,0,Nueva campaña de Clientes potenciales V.2,0,0
2 - Nueva - Copia 2,2026-08-02,9998.83,1967,1608,1.223259,36,0,0,0,0,0,0,0,11,Nueva campaña de Clientes potenciales V.2,3,11
2 - Nueva - Copia 3,2026-08-02,155.04,33,25,1.32,1,0,0,0,0,0,0,0,0,Nueva campaña de Clientes potenciales V.2,0,0
2 - Nueva - Copia,2026-08-03,462.84,57,44,1.295455,2,0,0,0,0,0,1,0,1,Nueva campaña de Clientes potenciales V.2,0,1
2 - Nueva - Copia 2,2026-08-03,9079.93,1500,1275,1.176471,27,0,0,0,0,0,0,0,7,Nueva campaña de Clientes potenciales V.2,1,7
2 - Nueva - Copia 3,2026-08-03,141.8,24,24,1,0,0,0,0,0,0,0,0,0,Nueva campaña de Clientes potenciales V.2,0,0
Nuevo anuncio de Clientes potenciales - Copia 3,2026-08-03,293.16,50,44,1.136364,0,0,0,0,0,0,0,0,0,Nueva campaña de Clientes potenciales V.2,0,0
Nuevo anuncio de Clientes potenciales - Copia 2,2026-08-04,1428,272,246,1.105691,11,0,0,0,0,0,0,0,5,Nueva campaña de Clientes potenciales,1,5
2 - Nueva - Copia,2026-08-04,377.76,51,43,1.186047,2,0,0,0,0,0,0,0,0,Nueva campaña de Clientes potenciales V.2,0,0
2 - Nueva - Copia 2,2026-08-04,6503.32,1560,1337,1.166791,25,0,0,0,0,0,0,0,7,Nueva campaña de Clientes potenciales V.2,5,7
2 - Nueva - Copia 3,2026-08-04,26.84,7,7,1,0,0,0,0,0,0,0,0,0,Nueva campaña de Clientes potenciales V.2,0,0
Nuevo anuncio de Clientes potenciales - Copia 3,2026-08-04,61.52,13,12,1.083333,0,0,0,0,0,0,0,0,0,Nueva campaña de Clientes potenciales V.2,0,0
Nuevo anuncio de Clientes potenciales - Copia 3,2026-08-04,3757.39,839,700,1.198571,13,0,0,0,0,0,0,0,4,Nueva campaña de Clientes potenciales,0,4
Nuevo anuncio de Clientes potenciales - Copia 2,2026-08-05,4388.74,919,825,1.113939,16,0,0,0,0,0,0,0,4,Nueva campaña de Clientes potenciales,5,4
2 - Nueva - Copia,2026-08-05,614.09,110,93,1.182796,5,0,0,0,0,0,0,0,1,Nueva campaña de Clientes potenciales V.2,0,1
2 - Nueva - Copia 2,2026-08-05,5432.72,1429,1191,1.199832,13,0,0,0,0,0,0,0,2,Nueva campaña de Clientes potenciales V.2,1,2
Nuevo anuncio de Clientes potenciales - Copia 3,2026-08-05,3675,1002,807,1.241636,10,0,0,0,0,0,0,0,2,Nueva campaña de Clientes potenciales,0,2
Nuevo anuncio de Clientes potenciales - Copia 2,2026-08-06,787.89,208,202,1.029703,5,0,0,0,0,0,0,0,2,Nueva campaña de Clientes potenciales,2,2
2 - Nueva - Copia,2026-08-06,676.76,165,145,1.137931,3,0,0,0,0,0,0,0,2,Nueva campaña de Clientes potenciales V.2,0,2
2 - Nueva - Copia 2,2026-08-06,323.07,59,59,1,0,0,0,0,0,0,0,0,0,Nueva campaña de Clientes potenciales V.2,1,0
Nuevo anuncio de Clientes potenciales - Copia 3,2026-08-06,934.81,229,207,1.10628,5,0,0,0,0,0,0,0,1,Nueva campaña de Clientes potenciales,0,1
Nuevo anuncio de Clientes potenciales - Copia 2,2026-08-07,2025.39,610,575,1.06087,6,0,0,0,0,0,0,0,0,Nueva campaña de Clientes potenciales,0,0
2 - Nueva - Copia,2026-08-07,7149.23,1817,1567,1.159541,23,0,0,0,0,0,0,0,6,Nueva campaña de Clientes potenciales V.2,2,6
2 - Nueva - Copia 2,2026-08-07,1987.11,439,424,1.035377,4,0,0,0,0,0,0,0,1,Nueva campaña de Clientes potenciales V.2,1,1
Nuevo anuncio de Clientes potenciales - Copia 3,2026-08-07,4569.01,948,864,1.097222,18,0,0,0,0,0,0,0,2,Nueva campaña de Clientes potenciales,1,2
Nuevo anuncio de Clientes potenciales - Copia 2,2026-08-08,52.19,17,17,1,0,0,0,0,0,0,0,0,0,Nueva campaña de Clientes potenciales,0,0
2 - Nueva - Copia,2026-08-08,4865.68,704,665,1.058647,16,0,0,0,0,0,0,0,4,Nueva campaña de Clientes potenciales V.2,2,4
2 - Nueva - Copia 2,2026-08-08,1123.26,260,246,1.056911,4,0,0,0,0,0,0,0,0,Nueva campaña de Clientes potenciales V.2,1,0
Nuevo anuncio de Clientes potenciales - Copia 3,2026-08-08,131.51,43,42,1.02381,0,0,0,0,0,0,0,0,0,Nueva campaña de Clientes potenciales,0,0
2 - Nueva - Copia 2,2026-08-08,375.38,93,91,1.021978,1,0,0,0,0,0,0,0,0,Clientes potenciales - MAIA Consolidada,1,0
2 - Nueva - Copia 3,2026-08-08,568.79,155,146,1.061644,5,0,0,0,0,0,0,0,0,Clientes potenciales - MAIA Consolidada,0,0
2 - Nueva - Copia 4,2026-08-08,20.03,9,8,1.125,0,0,0,0,0,0,0,0,0,Clientes potenciales - MAIA Consolidada,0,0
1 - Nueva,2026-08-08,288.06,24,23,1.043478,0,0,0,0,0,0,0,0,0,Nueva campaña de Clientes potenciales V.2,0,0
Nuevo anuncio de Clientes potenciales - Copia 3,2026-08-08,273.05,35,35,1,0,0,0,0,0,0,0,0,0,Nueva campaña de Clientes potenciales V.2,0,0
2 - Nueva - Copia 3,2026-08-08,31.74,4,3,1.333333,0,0,0,0,0,0,0,0,0,Nueva campaña de Clientes potenciales V.2,0,0
2 - Nueva - Copia 2,2026-08-08,6.21,1,1,1,0,0,0,0,0,0,0,0,0,Nueva campaña de Clientes potenciales V.2,0,0
2 - Nueva - Copia 2,2026-08-08,96.39,14,13,1.076923,0,0,0,0,0,0,0,0,0,Nueva campaña de Clientes potenciales V.2,0,0
2 - Nueva - Copia,2026-08-08,59.02,8,8,1,0,0,0,0,0,0,0,0,0,Nueva campaña de Clientes potenciales V.2,0,0
3 - Nueva,2026-08-08,190.7,27,24,1.125,0,0,0,0,0,0,0,0,0,Nueva campaña de Clientes potenciales V.2,0,0
3 - Nueva,2026-08-08,34.08,5,5,1,0,0,0,0,0,0,0,0,0,Nueva campaña de Clientes potenciales V.2,0,0
2 - Nueva - Copia,2026-08-08,45.52,3,3,1,1,0,0,0,0,0,0,0,1,Nueva campaña de Clientes potenciales V.2,0,1
2 - Nueva,2026-08-08,95,2,2,1,0,0,0,0,0,0,0,0,0,Nueva campaña de Clientes potenciales V.2,0,0
2 - Nueva,2026-08-08,205.68,29,28,1.035714,1,0,0,0,0,0,0,0,0,Nueva campaña de Clientes potenciales V.2,0,0
1 - Nueva,2026-08-08,1806.54,270,246,1.097561,2,0,0,0,0,0,0,0,1,Nueva campaña de Clientes potenciales V.2,0,1
2 - Nueva - Copia,2026-08-09,2500.82,450,389,1.156812,8,0,0,0,0,0,0,0,1,Nueva campaña de Clientes potenciales V.2,2,1
2 - Nueva - Copia 2,2026-08-09,555.37,100,99,1.010101,3,0,0,0,0,0,0,0,1,Nueva campaña de Clientes potenciales V.2,0,1
1 - Nueva,2026-08-09,58.58,6,6,1,0,0,0,0,0,0,0,0,0,Nueva campaña de Clientes potenciales V.2,0,0
Nuevo anuncio de Clientes potenciales - Copia 3,2026-08-09,1942.75,312,253,1.233202,10,0,0,0,0,0,0,0,3,Nueva campaña de Clientes potenciales V.2,0,3
2 - Nueva - Copia 3,2026-08-09,147.26,18,17,1.058824,1,0,0,0,0,0,0,0,0,Nueva campaña de Clientes potenciales V.2,0,0
Nuevo anuncio de Clientes potenciales - Copia 3,2026-08-09,12.33,3,3,1,0,0,0,0,0,0,0,0,0,Nueva campaña de Clientes potenciales V.2,0,0
2 - Nueva - Copia 2,2026-08-09,15.87,1,1,1,0,0,0,0,0,0,0,0,0,Nueva campaña de Clientes potenciales V.2,0,0
2 - Nueva - Copia 2,2026-08-09,302.13,53,47,1.12766,2,0,0,0,0,0,0,0,1,Nueva campaña de Clientes potenciales V.2,0,1
2 - Nueva - Copia,2026-08-09,160.49,17,13,1.307692,0,0,0,0,0,0,0,0,0,Nueva campaña de Clientes potenciales V.2,0,0
3 - Nueva,2026-08-09,52.24,12,9,1.333333,0,0,0,0,0,0,0,0,0,Nueva campaña de Clientes potenciales V.2,0,0
3 - Nueva,2026-08-09,32.63,2,2,1,0,0,0,0,0,0,0,0,0,Nueva campaña de Clientes potenciales V.2,0,0
2 - Nueva,2026-08-09,10.46,1,1,1,0,0,0,0,0,0,0,0,0,Nueva campaña de Clientes potenciales V.2,0,0
2 - Nueva,2026-08-09,154.24,15,14,1.071429,0,0,0,0,0,0,0,0,0,Nueva campaña de Clientes potenciales V.2,0,0
1 - Nueva,2026-08-09,1534.79,218,190,1.147368,3,0,0,0,0,0,0,0,1,Nueva campaña de Clientes potenciales V.2,0,1
Nuevo anuncio de Clientes potenciales - Copia 2,2026-08-10,0,0,0,0,0,0,0,0,0,0,0,0,0,Nueva campaña de Clientes potenciales,1,0
2 - Nueva - Copia,2026-08-10,1527.33,377,328,1.14939,6,0,0,0,0,0,0,0,1,Nueva campaña de Clientes potenciales V.2,0,1
2 - Nueva - Copia 2,2026-08-10,777.09,221,209,1.057416,2,0,0,0,0,0,0,0,0,Nueva campaña de Clientes potenciales V.2,1,0
2 - Nueva - Copia 3,2026-08-10,46.1,9,8,1.125,0,0,0,0,0,0,0,0,0,Nueva campaña de Clientes potenciales V.2,0,0
1 - Nueva,2026-08-10,4.34,1,1,1,0,0,0,0,0,0,0,0,0,Nueva campaña de Clientes potenciales V.2,0,0
Nuevo anuncio de Clientes potenciales - Copia 3,2026-08-10,551.89,65,60,1.083333,1,0,0,0,0,0,0,0,0,Nueva campaña de Clientes potenciales V.2,0,0
Nuevo anuncio de Clientes potenciales - Copia 3,2026-08-10,13.28,1,1,1,0,0,0,0,0,0,0,0,0,Nueva campaña de Clientes potenciales V.2,0,0
2 - Nueva - Copia 2,2026-08-10,38.81,8,7,1.142857,0,0,0,0,0,0,0,0,0,Nueva campaña de Clientes potenciales V.2,0,0
2 - Nueva - Copia,2026-08-10,46.42,3,3,1,0,0,0,0,0,0,0,0,0,Nueva campaña de Clientes potenciales V.2,0,0
3 - Nueva,2026-08-10,10.67,4,3,1.333333,0,0,0,0,0,0,0,0,0,Nueva campaña de Clientes potenciales V.2,0,0
2 - Nueva,2026-08-10,105.67,12,7,1.714286,0,0,0,0,0,0,0,0,0,Nueva campaña de Clientes potenciales V.2,0,0
1 - Nueva,2026-08-10,298.98,41,41,1,1,0,0,0,0,0,0,0,0,Nueva campaña de Clientes potenciales V.2,1,0
Nuevo anuncio de Clientes potenciales - Copia 4,2026-08-10,6345.93,1310,1095,1.196347,17,0,0,0,0,0,0,0,3,Nueva campaña de Clientes potenciales V.2,2,3
2 - Nueva - Copia,2026-08-11,6291.9,1471,1191,1.235097,21,0,0,0,0,0,0,0,5,Nueva campaña de Clientes potenciales V.2,1,5
2 - Nueva - Copia 2,2026-08-11,560.67,88,82,1.073171,0,0,0,0,0,0,0,0,0,Nueva campaña de Clientes potenciales V.2,0,0
2 - Nueva - Copia 3,2026-08-11,40.5,7,7,1,1,0,0,0,0,0,0,0,0,Nueva campaña de Clientes potenciales V.2,0,0
1 - Nueva,2026-08-11,0,0,0,0,0,0,0,0,0,0,0,0,0,Nueva campaña de Clientes potenciales V.2,1,0
Nuevo anuncio de Clientes potenciales - Copia 4,2026-08-11,2543.47,349,333,1.048048,5,0,0,0,0,0,0,0,3,Nueva campaña de Clientes potenciales V.2,1,3
2 - Nueva - Copia,2026-08-12,10786.54,2479,2168,1.14345,39,0,0,0,0,0,0,0,10,Nueva campaña de Clientes potenciales V.2,4,10
2 - Nueva - Copia 2,2026-08-12,278.63,38,37,1.027027,0,0,0,0,0,0,0,0,0,Nueva campaña de Clientes potenciales V.2,0,0
Nuevo anuncio de Clientes potenciales - Copia 3,2026-08-12,0,0,0,0,0,0,0,0,0,0,0,0,0,Nueva campaña de Clientes potenciales V.2,1,0
Nuevo anuncio de Clientes potenciales - Copia 4,2026-08-12,675.51,86,85,1.011765,1,0,0,0,0,0,0,0,0,Nueva campaña de Clientes potenciales V.2,1,0
2 - Nueva - Copia,2026-08-13,8255.95,1656,1386,1.194805,20,0,0,0,0,0,0,0,2,Nueva campaña de Clientes potenciales V.2,1,2
2 - Nueva - Copia 2,2026-08-13,2.08,1,1,1,0,0,0,0,0,0,0,0,0,Nueva campaña de Clientes potenciales V.2,0,0
Nuevo anuncio de Clientes potenciales - Copia 4,2026-08-13,223.65,55,55,1,0,0,0,0,0,0,0,0,0,Nueva campaña de Clientes potenciales V.2,0,0
2 - Nueva - Copia,2026-08-14,7830.73,1535,1307,1.174445,15,0,0,0,0,0,0,0,4,Nueva campaña de Clientes potenciales V.2,3,4
2 - Nueva - Copia 2,2026-08-14,90.14,12,12,1,0,0,0,0,0,0,0,0,0,Nueva campaña de Clientes potenciales V.2,0,0
Nuevo anuncio de Clientes potenciales - Copia 4,2026-08-14,229.53,33,31,1.064516,1,0,0,0,0,0,0,0,0,Nueva campaña de Clientes potenciales V.2,0,0
2 - Nueva - Copia,2026-08-15,9818.56,1615,1330,1.214286,21,0,0,0,0,0,0,0,3,Nueva campaña de Clientes potenciales V.2,3,3
2 - Nueva - Copia 2,2026-08-15,15.61,2,1,2,0,0,0,0,0,0,0,0,0,Nueva campaña de Clientes potenciales V.2,0,0
2 - Nueva - Copia,2026-08-16,10694.75,1752,1476,1.186992,23,0,0,0,0,0,0,0,7,Nueva campaña de Clientes potenciales V.2,2,7
2 - Nueva - Copia 2,2026-08-16,100.02,10,9,1.111111,0,0,0,0,0,0,0,0,0,Nueva campaña de Clientes potenciales V.2,0,0
Nuevo anuncio de Clientes potenciales - Copia 4,2026-08-16,41.25,3,3,1,0,0,0,0,0,0,0,0,0,Nueva campaña de Clientes potenciales V.2,0,0
2 - Nueva - Copia,2026-08-17,7750.62,1256,1081,1.161887,19,0,0,0,0,0,0,0,6,Nueva campaña de Clientes potenciales V.2,3,6
2 - Nueva - Copia 2,2026-08-17,4117.57,763,671,1.137109,5,0,0,0,0,0,0,0,1,Nueva campaña de Clientes potenciales V.2,1,1
2 - Nueva - Copia 3,2026-08-17,29.4,5,5,1,1,0,0,0,0,0,0,0,1,Nueva campaña de Clientes potenciales V.2,0,1
Nuevo anuncio de Clientes potenciales - Copia 4,2026-08-17,30.4,4,4,1,0,0,0,0,0,0,0,0,0,Nueva campaña de Clientes potenciales V.2,0,0
2 - Nueva - Copia,2026-08-18,5482.75,935,863,1.08343,17,0,0,0,0,0,0,0,5,Nueva campaña de Clientes potenciales V.2,4,5
2 - Nueva - Copia 2,2026-08-18,5109.37,1009,903,1.117386,5,0,0,0,0,0,0,0,2,Nueva campaña de Clientes potenciales V.2,2,2
2 - Nueva - Copia 3,2026-08-18,0,0,0,0,0,0,0,0,0,0,0,0,0,Nueva campaña de Clientes potenciales V.2,1,0
Nuevo anuncio de Clientes potenciales - Copia 4,2026-08-18,65.1,6,5,1.2,0,0,0,0,0,0,0,0,0,Nueva campaña de Clientes potenciales V.2,0,0
2 - Nueva - Copia,2026-08-19,7163.7,1121,1003,1.117647,21,0,0,0,0,0,0,0,3,Nueva campaña de Clientes potenciales V.2,2,3
2 - Nueva - Copia 2,2026-08-19,1753.81,283,269,1.052045,1,0,0,0,0,0,0,0,0,Nueva campaña de Clientes potenciales V.2,1,0
2 - Nueva - Copia 3,2026-08-19,76.32,9,9,1,0,0,0,0,0,0,0,0,0,Nueva campaña de Clientes potenciales V.2,1,0
Nuevo anuncio de Clientes potenciales - Copia 4,2026-08-19,38.82,7,7,1,0,0,0,0,0,0,0,0,0,Nueva campaña de Clientes potenciales V.2,0,0
2 - Nueva - Copia,2026-08-20,6426.05,1111,985,1.127919,13,0,0,0,0,0,0,0,3,Nueva campaña de Clientes potenciales V.2,0,3
2 - Nueva - Copia 2,2026-08-20,3014.52,452,413,1.094431,3,0,0,0,0,0,0,0,1,Nueva campaña de Clientes potenciales V.2,2,1
2 - Nueva - Copia,2026-08-21,7650.81,1319,1168,1.129281,21,0,0,0,0,0,0,0,3,Nueva campaña de Clientes potenciales V.2,0,3
2 - Nueva - Copia 2,2026-08-21,1101.2,211,202,1.044554,2,0,0,0,0,0,0,0,1,Nueva campaña de Clientes potenciales V.2,0,1
2 - Nueva - Copia 3,2026-08-21,26.43,7,7,1,0,0,0,0,0,0,0,0,0,Nueva campaña de Clientes potenciales V.2,0,0
Nuevo anuncio de Clientes potenciales - Copia 4,2026-08-21,21.74,6,6,1,0,0,0,0,0,0,0,0,0,Nueva campaña de Clientes potenciales V.2,0,0
2 - Nueva - Copia,2026-08-22,7792.36,1382,1229,1.124491,13,0,0,0,0,0,0,0,4,Nueva campaña de Clientes potenciales V.2,0,4
2 - Nueva - Copia 2,2026-08-22,1252.77,234,220,1.063636,1,0,0,0,0,0,0,0,0,Nueva campaña de Clientes potenciales V.2,0,0
2 - Nueva - Copia 3,2026-08-22,24.56,7,7,1,0,0,0,0,0,0,0,0,0,Nueva campaña de Clientes potenciales V.2,0,0
2 - Nueva - Copia,2026-08-23,10077.27,1647,1458,1.12963,24,0,0,0,0,0,0,0,5,Nueva campaña de Clientes potenciales V.2,1,5
2 - Nueva - Copia 2,2026-08-23,1327.15,228,212,1.075472,0,0,0,0,0,0,0,0,0,Nueva campaña de Clientes potenciales V.2,0,0
Nuevo anuncio de Clientes potenciales - Copia 4,2026-08-23,49.71,11,11,1,0,0,0,0,0,0,0,0,0,Nueva campaña de Clientes potenciales V.2,0,0
2 - Nueva - Copia,2026-08-24,8150.45,1612,1394,1.156385,20,0,0,0,0,0,0,0,7,Nueva campaña de Clientes potenciales V.2,4,7
2 - Nueva - Copia 2,2026-08-24,3293.23,597,524,1.139313,9,0,0,0,0,0,0,0,3,Nueva campaña de Clientes potenciales V.2,2,3
2 - Nueva - Copia 3,2026-08-24,5.28,1,1,1,0,0,0,0,0,0,0,0,0,Nueva campaña de Clientes potenciales V.2,0,0
2 - Nueva - Copia,2026-08-25,6129.97,1126,975,1.154872,9,0,0,0,0,0,0,0,2,Nueva campaña de Clientes potenciales V.2,2,2
2 - Nueva - Copia 2,2026-08-25,4241.69,754,672,1.122024,11,0,0,0,0,0,0,0,5,Nueva campaña de Clientes potenciales V.2,2,5
Nuevo anuncio de Clientes potenciales - Copia 4,2026-08-25,4.76,3,3,1,0,0,0,0,0,0,0,0,0,Nueva campaña de Clientes potenciales V.2,0,0
2 - Nueva - Copia,2026-08-26,5891.26,1337,1110,1.204505,15,0,0,0,0,0,0,0,3,Nueva campaña de Clientes potenciales V.2,3,3
2 - Nueva - Copia 2,2026-08-26,3633.77,648,589,1.10017,5,0,0,0,0,0,0,0,1,Nueva campaña de Clientes potenciales V.2,2,1
2 - Nueva - Copia 3,2026-08-26,75.67,12,12,1,0,0,0,0,0,0,0,0,0,Nueva campaña de Clientes potenciales V.2,0,0
Nuevo anuncio de Clientes potenciales - Copia 4,2026-08-26,31.18,8,8,1,0,0,0,0,0,0,0,0,0,Nueva campaña de Clientes potenciales V.2,0,0
2 - Nueva - Copia,2026-08-27,5328.7,1035,958,1.080376,14,0,0,0,0,0,0,0,1,Nueva campaña de Clientes potenciales V.2,0,1
2 - Nueva - Copia 2,2026-08-27,3794.8,744,686,1.084548,10,0,0,0,0,0,0,0,1,Nueva campaña de Clientes potenciales V.2,0,1
2 - Nueva - Copia 3,2026-08-27,1.47,1,1,1,0,0,0,0,0,0,0,0,0,Nueva campaña de Clientes potenciales V.2,0,0
2 - Nueva - Copia,2026-08-28,2170.88,527,480,1.097917,8,0,0,0,0,0,0,0,0,Nueva campaña de Clientes potenciales V.2,0,0
2 - Nueva - Copia 2,2026-08-28,1088.22,263,249,1.056225,1,0,0,0,0,0,0,0,0,Nueva campaña de Clientes potenciales V.2,1,0
2 - Nueva - Copia 3,2026-08-28,0.93,1,1,1,0,0,0,0,0,0,0,0,0,Nueva campaña de Clientes potenciales V.2,0,0
Nuevo anuncio de Clientes potenciales - Copia 4,2026-08-28,49.78,2,2,1,0,0,0,0,0,0,0,0,0,Nueva campaña de Clientes potenciales V.2,0,0
2 - Nueva - Copia,2026-08-29,9076.52,1064,1023,1.040078,10,0,0,0,0,0,0,0,1,Nueva campaña de Clientes potenciales V.2,0,1
2 - Nueva - Copia 2,2026-08-29,636.1,104,99,1.050505,1,0,0,0,0,0,0,0,1,Nueva campaña de Clientes potenciales V.2,0,1
IG Post 29/8 B - Convocatoria (30 días publicidad),2026-08-29,157.17,21,19,1.105263,0,0,0,0,0,0,0,0,0,Nueva campaña de Clientes potenciales V.2,0,0
IG Post 29/8 A - Convocatoria (nuevas convocatorias),2026-08-29,130.21,17,16,1.0625,0,0,0,0,0,0,0,0,0,Nueva campaña de Clientes potenciales V.2,0,0
2 - Nueva - Copia,2026-08-30,4618.23,498,468,1.064103,6,0,0,0,0,0,0,0,0,Nueva campaña de Clientes potenciales V.2,0,0
2 - Nueva - Copia 2,2026-08-30,2014.45,277,262,1.057252,3,0,0,0,0,0,0,0,1,Nueva campaña de Clientes potenciales V.2,0,1
IG Post 29/8 B - Convocatoria (30 días publicidad),2026-08-30,715.72,53,53,1,0,0,0,0,0,0,0,0,0,Nueva campaña de Clientes potenciales V.2,0,0
IG Post 29/8 A - Convocatoria (nuevas convocatorias),2026-08-30,2015.9,122,119,1.02521,0,0,0,0,0,0,0,0,0,Nueva campaña de Clientes potenciales V.2,0,0
2 - Nueva - Copia,2026-08-31,2362.91,465,424,1.096698,9,0,0,0,0,0,0,0,0,Nueva campaña de Clientes potenciales V.2,1,0
2 - Nueva - Copia 2,2026-08-31,2037.63,420,378,1.111111,3,0,0,0,0,0,0,0,1,Nueva campaña de Clientes potenciales V.2,2,1
IG Post 29/8 B - Convocatoria (30 días publicidad),2026-08-31,2704.54,257,218,1.178899,3,0,0,0,0,0,0,0,1,Nueva campaña de Clientes potenciales V.2,0,1
IG Post 29/8 A - Convocatoria (nuevas convocatorias),2026-08-31,2897.82,260,237,1.097046,1,0,0,0,0,0,0,0,0,Nueva campaña de Clientes potenciales V.2,0,0
2 - Nueva - Copia,2026-09-01,6685.53,1203,1008,1.193452,18,0,0,0,0,0,0,0,5,Nueva campaña de Clientes potenciales V.2,0,5
2 - Nueva - Copia 2,2026-09-01,4841,1041,966,1.07764,12,0,0,0,0,0,0,0,3,Nueva campaña de Clientes potenciales V.2,0,3
IG Post 29/8 B - Convocatoria (30 días publicidad),2026-09-01,433.89,53,46,1.152174,1,0,0,0,0,0,0,0,1,Nueva campaña de Clientes potenciales V.2,0,1
IG Post 29/8 A - Convocatoria (nuevas convocatorias),2026-09-01,35.8,5,5,1,0,0,0,0,0,0,0,0,0,Nueva campaña de Clientes potenciales V.2,0,0
2 - Nueva - Copia,2026-09-02,7124.66,1500,1330,1.12782,25,0,0,0,0,0,0,0,5,Nueva campaña de Clientes potenciales V.2,0,5
2 - Nueva - Copia 2,2026-09-02,4047.33,921,837,1.100358,18,0,0,0,0,0,0,0,5,Nueva campaña de Clientes potenciales V.2,0,5
IG Post 29/8 B - Convocatoria (30 días publicidad),2026-09-02,1089.91,164,136,1.205882,4,0,0,0,0,0,0,0,2,Nueva campaña de Clientes potenciales V.2,0,2
IG Post 29/8 A - Convocatoria (nuevas convocatorias),2026-09-02,42.06,6,6,1,0,0,0,0,0,0,0,0,0,Nueva campaña de Clientes potenciales V.2,0,0
2 - Nueva - Copia,2026-09-03,3409.35,697,658,1.059271,13,0,0,0,0,0,0,0,3,Nueva campaña de Clientes potenciales V.2,0,3
2 - Nueva - Copia 2,2026-09-03,5492.19,1192,1069,1.115061,13,0,0,0,0,0,0,0,3,Nueva campaña de Clientes potenciales V.2,0,3
IG Post 29/8 B - Convocatoria (30 días publicidad),2026-09-03,609.56,90,76,1.184211,0,0,0,0,0,0,0,0,0,Nueva campaña de Clientes potenciales V.2,0,0
IG Post 29/8 A - Convocatoria (nuevas convocatorias),2026-09-03,27.76,7,7,1,1,0,0,0,0,0,0,0,0,Nueva campaña de Clientes potenciales V.2,0,0
2 - Nueva - Copia,2026-09-04,309.35,79,78,1.012821,0,0,0,0,0,0,0,0,0,Nueva campaña de Clientes potenciales V.2,0,0
2 - Nueva - Copia 2,2026-09-04,1057.54,229,228,1.004386,4,0,0,0,0,0,0,0,1,Nueva campaña de Clientes potenciales V.2,0,1
IG Post 29/8 B - Convocatoria (30 días publicidad),2026-09-04,173.19,30,27,1.111111,2,0,0,0,0,0,0,0,1,Nueva campaña de Clientes potenciales V.2,0,1
IG Post 4/9 A - Convocatoria (Dc1mR9hsYkW),2026-09-04,1286.3,192,163,1.177914,4,0,0,0,0,0,0,0,1,Nueva campaña de Clientes potenciales V.2,0,1
IG Post 4/9 C - Convocatoria (Dc1FCLwszOO),2026-09-04,8024.57,1649,1388,1.18804,28,0,0,0,0,0,1577,558,20,Nueva campaña de Clientes potenciales V.2,0,20
2 - Nueva - Copia 2,2026-09-05,2.42,2,2,1,0,0,0,0,0,0,0,0,0,Nueva campaña de Clientes potenciales V.2,0,0
IG Post 29/8 B - Convocatoria (30 días publicidad),2026-09-05,10.78,2,1,2,0,0,0,0,0,0,0,0,0,Nueva campaña de Clientes potenciales V.2,0,0
IG Post 4/9 A - Convocatoria (Dc1mR9hsYkW),2026-09-05,35.34,7,7,1,0,0,0,0,0,0,0,0,0,Nueva campaña de Clientes potenciales V.2,0,0
IG Post 4/9 C - Convocatoria (Dc1FCLwszOO),2026-09-05,5727.99,1283,1175,1.091915,22,0,0,0,0,0,1218,526,8,Nueva campaña de Clientes potenciales V.2,0,8
2 - Nueva - Copia 2,2026-09-06,14.7,6,6,1,0,0,0,0,0,0,0,0,0,Nueva campaña de Clientes potenciales V.2,0,0
IG Post 29/8 B - Convocatoria (30 días publicidad),2026-09-06,4.36,3,3,1,0,0,0,0,0,0,0,0,0,Nueva campaña de Clientes potenciales V.2,0,0
IG Post 4/9 A - Convocatoria (Dc1mR9hsYkW),2026-09-06,53.77,17,16,1.0625,0,0,0,0,0,0,0,0,0,Nueva campaña de Clientes potenciales V.2,0,0
IG Post 4/9 C - Convocatoria (Dc1FCLwszOO),2026-09-06,11769.18,2738,2372,1.1543,46,0,0,0,0,0,2578,1195,23,Nueva campaña de Clientes potenciales V.2,0,23
2 - Nueva - Copia 2,2026-09-07,7.53,3,3,1,0,0,0,0,0,0,0,0,0,Nueva campaña de Clientes potenciales V.2,0,0
IG Post 29/8 B - Convocatoria (30 días publicidad),2026-09-07,4.65,2,2,1,0,0,0,0,0,0,0,0,0,Nueva campaña de Clientes potenciales V.2,0,0
IG Post 4/9 A - Convocatoria (Dc1mR9hsYkW),2026-09-07,12.17,5,5,1,0,0,0,0,0,0,0,0,0,Nueva campaña de Clientes potenciales V.2,0,0
IG Post 4/9 C - Convocatoria (Dc1FCLwszOO),2026-09-07,12075.27,2851,2488,1.1459,54,0,0,0,0,0,2648,1432,27,Nueva campaña de Clientes potenciales V.2,0,27
IG Post 29/8 B - Convocatoria (30 días publicidad),2026-09-08,1.2,1,1,1,0,0,0,0,0,0,0,0,0,Nueva campaña de Clientes potenciales V.2,0,0
IG Post 4/9 A - Convocatoria (Dc1mR9hsYkW),2026-09-08,8.88,2,2,1,0,0,0,0,0,0,0,0,0,Nueva campaña de Clientes potenciales V.2,0,0
IG Post 4/9 C - Convocatoria (Dc1FCLwszOO),2026-09-08,4920.29,1224,1136,1.077465,18,0,0,0,0,0,1151,596,5,Nueva campaña de Clientes potenciales V.2,0,5
IG Post 8/9 A - Convocatoria (DdCRh2tMXCc),2026-09-08,333.32,76,70,1.085714,1,0,0,0,0,0,70,7,0,Nueva campaña de Clientes potenciales V.2,0,0
IG Post 8/9 B - Convocatoria (DdCWmL2Mn9t),2026-09-08,50.31,7,7,1,0,0,0,0,0,0,7,1,0,Nueva campaña de Clientes potenciales V.2,0,0
IG Post 8/9 C - Convocatoria (DdCc8HBss8Q),2026-09-08,6.29,1,1,1,0,0,0,0,0,0,0,0,0,Nueva campaña de Clientes potenciales V.2,0,0
IG Post 8/9 A - Convocatoria (DdCRh2tMXCc),2026-09-09,100.96,21,20,1.05,0,0,0,0,0,0,20,3,0,Nueva campaña de Clientes potenciales V.2,0,0
IG Post 8/9 B - Convocatoria (DdCWmL2Mn9t),2026-09-09,54.54,10,10,1,0,0,0,0,0,0,8,1,0,Nueva campaña de Clientes potenciales V.2,0,0
IG Post 8/9 C - Convocatoria (DdCc8HBss8Q),2026-09-09,48.58,5,5,1,0,0,0,0,0,0,4,0,0,Nueva campaña de Clientes potenciales V.2,0,0
IG Post 9/9 - Convocatoria (DdCWmL2Mn9t),2026-09-09,4549.38,842,689,1.222061,7,0,0,0,0,0,3,0,0,Nueva campaña de Clientes potenciales V.2,0,0
IG Post 8/9 A - Convocatoria (DdCRh2tMXCc),2026-09-10,11989.01,1845,1446,1.275934,16,0,0,0,0,0,1659,388,9,Nueva campaña de Clientes potenciales V.2,0,9
IG Post 9/9 - Convocatoria (DdCWmL2Mn9t),2026-09-10,2752.37,472,401,1.177057,3,0,0,0,0,0,0,0,0,Nueva campaña de Clientes potenciales V.2,0,0
IG Post 8/9 A - Convocatoria (DdCRh2tMXCc),2026-09-11,7420.08,1210,1074,1.126629,15,0,0,0,0,0,1147,259,4,Nueva campaña de Clientes potenciales V.2,0,4
IG Post 9/9 - Convocatoria (DdCWmL2Mn9t),2026-09-11,217.38,40,37,1.081081,0,0,0,0,0,0,0,0,0,Nueva campaña de Clientes potenciales V.2,0,0
IG Post 10/9 - Convocatoria (DdFq8b0tHL3),2026-09-11,5279.14,836,667,1.253373,6,0,0,0,0,0,0,0,5,Nueva campaña de Clientes potenciales V.2,0,5
IG Post 8/9 A - Convocatoria (DdCRh2tMXCc),2026-09-12,3050.61,492,455,1.081319,5,0,0,0,0,0,477,106,1,Nueva campaña de Clientes potenciales V.2,0,1
IG Post 8/9 B - Convocatoria (DdCWmL2Mn9t),2026-09-12,22.05,2,2,1,0,0,0,0,0,0,2,1,0,Nueva campaña de Clientes potenciales V.2,0,0
IG Post 9/9 - Convocatoria (DdCWmL2Mn9t),2026-09-12,2.49,1,1,1,0,0,0,0,0,0,0,0,0,Nueva campaña de Clientes potenciales V.2,0,0
IG Post 10/9 - Convocatoria (DdFq8b0tHL3),2026-09-12,4844.81,863,727,1.18707,11,0,0,0,0,0,0,0,3,Nueva campaña de Clientes potenciales V.2,0,3
IG Post 8/9 A - Convocatoria (DdCRh2tMXCc),2026-09-13,797.06,156,145,1.075862,0,0,0,0,0,0,146,39,0,Nueva campaña de Clientes potenciales V.2,0,0
IG Post 10/9 - Convocatoria (DdFq8b0tHL3),2026-09-13,9599.46,1682,1366,1.231332,39,0,0,0,0,0,0,0,10,Nueva campaña de Clientes potenciales V.2,0,10
IG Post 8/9 A - Convocatoria (DdCRh2tMXCc),2026-09-14,11.63,5,5,1,1,0,0,0,0,0,5,2,1,Nueva campaña de Clientes potenciales V.2,0,1
IG Post 10/9 - Convocatoria (DdFq8b0tHL3),2026-09-14,129.11,17,17,1,0,0,0,0,0,0,0,0,0,Nueva campaña de Clientes potenciales V.2,0,0
IG Post 10/9 - Convocatoria (DdFq8b0tHL3),2026-09-14,8975.95,2035,1749,1.163522,26,0,0,0,0,0,0,0,10,Nueva campaña de Clientes potenciales V.2,0,10
IG Post 9/9 - Convocatoria (DdCWmL2Mn9t),2026-09-14,50.11,19,14,1.357143,0,0,0,0,0,0,0,0,0,Nueva campaña de Clientes potenciales V.2,0,0
IG Post 8/9 A - Convocatoria (DdCRh2tMXCc),2026-09-14,494.02,90,83,1.084337,1,0,0,0,0,0,87,14,0,Nueva campaña de Clientes potenciales V.2,0,0
IG Post 8/9 B - Convocatoria (DdCWmL2Mn9t),2026-09-14,2.14,2,2,1,0,0,0,0,0,0,2,0,0,Nueva campaña de Clientes potenciales V.2,0,0
IG Post 10/9 - Convocatoria (DdFq8b0tHL3),2026-09-14,2409.79,479,406,1.179803,5,0,0,0,0,0,0,0,3,Nueva campaña de Clientes potenciales V.2,0,3
IG Post 8/9 B - Convocatoria (DdCWmL2Mn9t),2026-09-14,3.89,1,1,1,0,0,0,0,0,0,1,0,0,Nueva campaña de Clientes potenciales V.2,0,0
IG Post 8/9 A - Convocatoria (DdCRh2tMXCc),2026-09-14,87.32,18,14,1.285714,0,0,0,0,0,0,15,3,0,Nueva campaña de Clientes potenciales V.2,0,0
IG Post 9/9 - Convocatoria (DdCWmL2Mn9t),2026-09-14,51.43,2,2,1,0,0,0,0,0,0,0,0,0,Nueva campaña de Clientes potenciales V.2,0,0
IG Post 10/9 - Convocatoria (DdFq8b0tHL3),2026-09-15,17806.13,3704,3126,1.184901,51,0,0,0,0,0,0,0,18,Nueva campaña de Clientes potenciales V.2,0,18
IG Post 9/9 - Convocatoria (DdCWmL2Mn9t),2026-09-15,45.94,10,10,1,0,0,0,0,0,0,0,0,0,Nueva campaña de Clientes potenciales V.2,0,0
IG Post 8/9 A - Convocatoria (DdCRh2tMXCc),2026-09-15,341.5,58,56,1.035714,0,0,0,0,0,0,52,12,0,Nueva campaña de Clientes potenciales V.2,0,0
IG Post 10/9 - Convocatoria (DdFq8b0tHL3),2026-09-15,1902.79,283,250,1.132,4,0,0,0,0,0,0,0,3,Nueva campaña de Clientes potenciales V.2,0,3
IG Post 8/9 A - Convocatoria (DdCRh2tMXCc),2026-09-15,196.45,33,30,1.1,0,0,0,0,0,0,31,5,0,Nueva campaña de Clientes potenciales V.2,0,0
IG Post 9/9 - Convocatoria (DdCWmL2Mn9t),2026-09-15,28.31,2,2,1,0,0,0,0,0,0,0,0,0,Nueva campaña de Clientes potenciales V.2,0,0
IG Post 10/9 - Convocatoria (DdFq8b0tHL3),2026-09-16,2157.56,449,428,1.049065,7,0,0,0,0,0,0,0,3,Nueva campaña de Clientes potenciales V.2,0,3
IG Post 9/9 - Convocatoria (DdCWmL2Mn9t),2026-09-16,111.65,34,29,1.172414,0,0,0,0,0,0,0,0,0,Nueva campaña de Clientes potenciales V.2,0,0
IG Post 8/9 A - Convocatoria (DdCRh2tMXCc),2026-09-16,5419.73,1036,854,1.213115,14,0,0,0,0,0,968,174,9,Nueva campaña de Clientes potenciales V.2,0,9
IG Post 8/9 B - Convocatoria (DdCWmL2Mn9t),2026-09-16,30.8,7,7,1,0,0,0,0,0,0,7,0,0,Nueva campaña de Clientes potenciales V.2,0,0
IG Post 10/9 - Convocatoria (DdFq8b0tHL3),2026-09-16,132.64,17,16,1.0625,0,0,0,0,0,0,0,0,0,Nueva campaña de Clientes potenciales V.2,0,0
IG Post 8/9 B - Convocatoria (DdCWmL2Mn9t),2026-09-16,11.07,3,3,1,0,0,0,0,0,0,2,0,0,Nueva campaña de Clientes potenciales V.2,0,0
IG Post 8/9 A - Convocatoria (DdCRh2tMXCc),2026-09-16,548.43,71,66,1.075758,1,0,0,0,0,0,69,15,0,Nueva campaña de Clientes potenciales V.2,0,0
IG Post 9/9 - Convocatoria (DdCWmL2Mn9t),2026-09-16,46.28,10,10,1,0,0,0,0,0,0,0,0,0,Nueva campaña de Clientes potenciales V.2,0,0
IG Post 9/9 - Convocatoria (DdCWmL2Mn9t),2026-09-17,43.8,10,9,1.111111,0,0,0,0,0,0,0,0,0,Nueva campaña de Clientes potenciales V.2,0,0
IG Post 8/9 A - Convocatoria (DdCRh2tMXCc),2026-09-17,8107.39,1310,1133,1.156222,13,0,0,0,0,0,1230,256,1,Nueva campaña de Clientes potenciales V.2,0,1
IG Post 8/9 B - Convocatoria (DdCWmL2Mn9t),2026-09-17,5.92,1,1,1,0,0,0,0,0,0,1,0,0,Nueva campaña de Clientes potenciales V.2,0,0
IG Post 8/9 B - Convocatoria (DdCWmL2Mn9t),2026-09-17,2.65,1,1,1,0,0,0,0,0,0,1,0,0,Nueva campaña de Clientes potenciales V.2,0,0
IG Post 8/9 A - Convocatoria (DdCRh2tMXCc),2026-09-17,347.5,48,46,1.043478,1,0,0,0,0,0,48,6,0,Nueva campaña de Clientes potenciales V.2,0,0
IG Post 9/9 - Convocatoria (DdCWmL2Mn9t),2026-09-17,26.36,4,4,1,0,0,0,0,0,0,0,0,0,Nueva campaña de Clientes potenciales V.2,0,0
IG Post 17/9 - Convocatoria (DdYXuX0MnGv),2026-09-17,92.13,16,13,1.230769,0,0,0,0,0,0,0,0,0,Nueva campaña de Clientes potenciales V.2,0,0
IG Post 17/9 - Convocatoria (DdYXuX0MnGv),2026-09-17,4355.44,849,721,1.177531,9,0,0,0,0,0,0,0,3,Nueva campaña de Clientes potenciales V.2,0,3
IG Post 8/9 A - Convocatoria (DdCRh2tMXCc),2026-09-18,312.8,45,41,1.097561,0,0,0,0,0,0,44,10,0,Nueva campaña de Clientes potenciales V.2,0,0
IG Post 8/9 B - Convocatoria (DdCWmL2Mn9t),2026-09-18,54.25,6,6,1,0,0,0,0,0,0,6,1,0,Nueva campaña de Clientes potenciales V.2,0,0
IG Post 8/9 A - Convocatoria (DdCRh2tMXCc),2026-09-18,788.79,157,149,1.053691,0,0,0,0,0,0,148,32,0,Nueva campaña de Clientes potenciales V.2,0,0
IG Post 8/9 A - Convocatoria (DdCRh2tMXCc),2026-09-18,8.36,2,2,1,1,0,0,0,0,0,3,1,0,Nueva campaña de Clientes potenciales V.2,0,0
IG Post 9/9 - Convocatoria (DdCWmL2Mn9t),2026-09-18,7.22,2,2,1,0,0,0,0,0,0,0,0,0,Nueva campaña de Clientes potenciales V.2,0,0
IG Post 17/9 - Convocatoria (DdYXuX0MnGv),2026-09-18,33.8,6,6,1,1,0,0,0,0,0,0,0,0,Nueva campaña de Clientes potenciales V.2,0,0
IG Post 17/9 - Convocatoria (DdYXuX0MnGv),2026-09-18,3401.24,736,654,1.125382,13,0,0,0,0,0,0,0,1,Nueva campaña de Clientes potenciales V.2,0,1
IG Post 17/9 - Convocatoria (DdYXuX0MnGv) - Copia,2026-09-18,3224.69,594,527,1.127135,6,0,0,0,0,0,0,0,1,Nueva campaña de Clientes potenciales V.2,0,1
IG Post 4/9 C - Convocatoria (Dc1FCLwszOO),2026-09-19,9501.41,1362,1185,1.149367,22,0,0,0,0,0,1261,686,9,Nueva campaña de Clientes potenciales V.2,0,9
IG Post 8/9 A - Convocatoria (DdCRh2tMXCc),2026-09-19,4.05,2,2,1,0,0,0,0,0,0,2,0,0,Nueva campaña de Clientes potenciales V.2,0,0
IG Post 8/9 B - Convocatoria (DdCWmL2Mn9t),2026-09-19,2.26,1,1,1,0,0,0,0,0,0,1,0,0,Nueva campaña de Clientes potenciales V.2,0,0
IG Post 17/9 - Convocatoria (DdYXuX0MnGv) - Copia,2026-09-19,518.56,107,98,1.091837,2,0,0,0,0,0,0,0,2,Nueva campaña de Clientes potenciales V.2,0,2
IG Post 4/9 C - Convocatoria (Dc1FCLwszOO),2026-09-20,12828.23,2596,2164,1.19963,56,0,0,0,0,0,2447,1247,29,Nueva campaña de Clientes potenciales V.2,0,29
IG Post 8/9 A - Convocatoria (DdCRh2tMXCc),2026-09-20,22.28,3,3,1,0,0,0,0,0,0,3,1,0,Nueva campaña de Clientes potenciales V.2,0,0
IG Post 17/9 - Convocatoria (DdYXuX0MnGv) - Copia,2026-09-20,24.06,8,8,1,0,0,0,0,0,0,0,0,0,Nueva campaña de Clientes potenciales V.2,0,0
IG Post 4/9 C - Convocatoria (Dc1FCLwszOO),2026-09-21,431.09,119,117,1.017094,3,0,0,0,0,0,114,57,2,Nueva campaña de Clientes potenciales V.2,0,2
IG Post 8/9 A - Convocatoria (DdCRh2tMXCc),2026-09-21,5891.34,1244,1010,1.231683,10,0,0,0,0,0,1189,174,3,Nueva campaña de Clientes potenciales V.2,0,3
IG Post 8/9 A - Convocatoria (DdCRh2tMXCc),2026-09-22,4125.78,821,733,1.120055,9,0,0,0,0,0,780,120,2,Nueva campaña de Clientes potenciales V.2,0,2
IG Post 8/9 B - Convocatoria (DdCWmL2Mn9t),2026-09-22,5.58,1,1,1,0,0,0,0,0,0,1,0,0,Nueva campaña de Clientes potenciales V.2,0,0
IG Post 8/9 A - Convocatoria (DdCRh2tMXCc),2026-09-23,3.02,2,2,1,0,0,0,0,0,0,2,0,0,Nueva campaña de Clientes potenciales V.2,0,0
IG Post 8/9 B - Convocatoria (DdCWmL2Mn9t),2026-09-23,306.64,51,48,1.0625,0,0,0,0,0,0,51,0,0,Nueva campaña de Clientes potenciales V.2,0,0
IG Post 23/9 - Convocatoria $10K,2026-09-23,5697.74,567,428,1.324766,1,0,0,0,0,0,2,0,0,Nueva campaña de Clientes potenciales V.2,0,0
IG Post 23/9 - Convocatoria Vendedores,2026-09-23,3170.37,289,247,1.17004,1,0,0,0,0,0,2,0,0,Nueva campaña de Clientes potenciales V.2,0,0
IG Post 17/9 - Convocatoria (DdYXuX0MnGv) - Copia,2026-09-24,4296.73,618,534,1.157303,2,0,0,0,0,0,0,0,1,Nueva campaña de Clientes potenciales V.2,0,1
IG Post 23/9 - Convocatoria $10K,2026-09-24,4843.24,416,367,1.133515,5,0,0,0,0,0,0,0,1,Nueva campaña de Clientes potenciales V.2,0,1
IG Post 23/9 - Convocatoria Vendedores,2026-09-24,1639.01,100,93,1.075269,1,0,0,0,0,0,0,0,0,Nueva campaña de Clientes potenciales V.2,0,0
IG Post 17/9 - Convocatoria (DdYXuX0MnGv) - Copia,2026-09-25,7161.49,1051,951,1.105152,6,0,0,0,0,0,0,0,1,Nueva campaña de Clientes potenciales V.2,0,1
IG Post 23/9 - Convocatoria $10K,2026-09-25,2821.65,231,212,1.089623,2,0,0,0,0,0,0,0,0,Nueva campaña de Clientes potenciales V.2,0,0
IG Post 23/9 - Convocatoria Vendedores,2026-09-25,544.93,32,29,1.103448,0,0,0,0,0,0,0,0,0,Nueva campaña de Clientes potenciales V.2,0,0
IG Post 25/9 - Convocatoria Angulo Contenido sin Estrategia,2026-09-25,4530.41,919,825,1.113939,7,0,0,0,0,0,6,0,2,Nueva campaña de Clientes potenciales V.2,0,2
IG Post 25/9 - Convocatoria Angulo Pauta sin Datos,2026-09-25,587.37,107,106,1.009434,1,0,0,0,0,0,0,0,0,Nueva campaña de Clientes potenciales V.2,0,0
IG Post 17/9 - Convocatoria (DdYXuX0MnGv) - Copia,2026-09-26,7402.48,1230,1054,1.166983,15,0,0,0,0,0,0,0,1,Nueva campaña de Clientes potenciales V.2,0,1
IG Post 23/9 - Convocatoria $10K,2026-09-26,32.91,3,3,1,0,0,0,0,0,0,0,0,0,Nueva campaña de Clientes potenciales V.2,0,0
IG Post 25/9 - Convocatoria Angulo Contenido sin Estrategia,2026-09-26,3165.85,499,456,1.094298,3,0,0,0,0,0,3,0,0,Nueva campaña de Clientes potenciales V.2,0,0
IG Post 25/9 - Convocatoria Angulo Pauta sin Datos,2026-09-26,190.46,27,26,1.038462,0,0,0,0,0,0,1,0,0,Nueva campaña de Clientes potenciales V.2,0,0
IG Post 17/9 - Convocatoria (DdYXuX0MnGv) - Copia,2026-09-27,2822.15,506,457,1.107221,6,0,0,0,0,0,0,0,0,Nueva campaña de Clientes potenciales V.2,0,0
IG Post 23/9 - Convocatoria $10K,2026-09-27,2.34,1,1,1,0,0,0,0,0,0,0,0,0,Nueva campaña de Clientes potenciales V.2,0,0
IG Post 25/9 - Convocatoria Angulo Contenido sin Estrategia,2026-09-27,735.31,115,112,1.026786,0,0,0,0,0,0,0,0,0,Nueva campaña de Clientes potenciales V.2,0,0
IG Post 25/9 - Convocatoria Angulo Pauta sin Datos,2026-09-27,59.39,12,11,1.090909,0,0,0,0,0,0,0,0,0,Nueva campaña de Clientes potenciales V.2,0,0
IG Post 17/9 - Convocatoria (DdYXuX0MnGv) - Copia,2026-09-28,4718.87,766,672,1.139881,12,0,0,0,0,0,0,0,2,Nueva campaña de Clientes potenciales V.2,0,2
IG Post 23/9 - Convocatoria $10K,2026-09-28,148.46,21,20,1.05,2,0,0,0,0,0,0,0,0,Nueva campaña de Clientes potenciales V.2,0,0
IG Post 23/9 - Convocatoria Vendedores,2026-09-28,33.67,5,5,1,0,0,0,0,0,0,0,0,0,Nueva campaña de Clientes potenciales V.2,0,0
IG Post 25/9 - Convocatoria Angulo Contenido sin Estrategia,2026-09-28,2399.1,513,456,1.125,5,0,0,0,0,0,6,1,0,Nueva campaña de Clientes potenciales V.2,0,0
IG Post 25/9 - Convocatoria Angulo Pauta sin Datos,2026-09-28,847.29,151,136,1.110294,3,0,0,0,0,0,2,0,1,Nueva campaña de Clientes potenciales V.2,0,1
IG Post 17/9 - Convocatoria (DdYXuX0MnGv) - Copia,2026-09-29,411.53,105,95,1.105263,1,0,0,0,0,0,0,0,1,Nueva campaña de Clientes potenciales V.2,0,1
IG Post 23/9 - Convocatoria $10K,2026-09-29,50.81,10,10,1,0,0,0,0,0,0,0,0,0,Nueva campaña de Clientes potenciales V.2,0,0
IG Post 23/9 - Convocatoria Vendedores,2026-09-29,15.5,5,5,1,0,0,0,0,0,0,0,0,0,Nueva campaña de Clientes potenciales V.2,0,0
IG Post 25/9 - Convocatoria Angulo Contenido sin Estrategia,2026-09-29,4813.22,1309,1112,1.177158,10,0,0,0,0,0,10,0,2,Nueva campaña de Clientes potenciales V.2,0,2
IG Post 25/9 - Convocatoria Angulo Pauta sin Datos,2026-09-29,3660.92,786,650,1.209231,7,0,0,0,0,0,4,0,4,Nueva campaña de Clientes potenciales V.2,0,4
IG Post 8/9 A - Convocatoria (DdCRh2tMXCc),2026-09-30,11586.7,2784,2177,1.278824,19,0,0,0,0,0,2637,372,5,Nueva campaña de Clientes potenciales V.2,0,5
IG Post 17/9 - Convocatoria (DdYXuX0MnGv) - Copia,2026-09-30,112.11,15,14,1.071429,0,0,0,0,0,0,0,0,0,Nueva campaña de Clientes potenciales V.2,0,0
IG Post 23/9 - Convocatoria $10K,2026-09-30,14.3,3,3,1,0,0,0,0,0,0,0,0,0,Nueva campaña de Clientes potenciales V.2,0,0
IG Post 25/9 - Convocatoria Angulo Contenido sin Estrategia,2026-09-30,776.27,230,218,1.055046,0,0,0,0,0,0,0,0,0,Nueva campaña de Clientes potenciales V.2,0,0
IG Post 25/9 - Convocatoria Angulo Pauta sin Datos,2026-09-30,985.49,233,225,1.035556,0,0,0,0,0,0,0,0,0,Nueva campaña de Clientes potenciales V.2,0,0
IG Post 8/9 A - Convocatoria (DdCRh2tMXCc),2026-10-01,7978.75,2288,1940,1.179381,27,0,0,0,0,0,2203,295,8,Nueva campaña de Clientes potenciales V.2,0,8
IG Post 17/9 - Convocatoria (DdYXuX0MnGv) - Copia,2026-10-01,80.64,12,12,1,0,0,0,0,0,0,0,0,0,Nueva campaña de Clientes potenciales V.2,0,0
IG Post 25/9 - Convocatoria Angulo Contenido sin Estrategia,2026-10-01,62.09,21,20,1.05,0,0,0,0,0,0,0,0,0,Nueva campaña de Clientes potenciales V.2,0,0
IG Post 25/9 - Convocatoria Angulo Pauta sin Datos,2026-10-01,165.89,39,37,1.054054,0,0,0,0,0,0,0,0,0,Nueva campaña de Clientes potenciales V.2,0,0
IG Post 4/9 C - Convocatoria (Dc1FCLwszOO),2026-10-02,8685.21,1993,1787,1.115277,20,0,0,0,0,0,1802,996,10,Nueva campaña de Clientes potenciales V.2,0,10
IG Post 8/9 A - Convocatoria (DdCRh2tMXCc),2026-10-02,773.45,181,169,1.071006,0,0,0,0,0,0,178,21,0,Nueva campaña de Clientes potenciales V.2,0,0
IG Post 10/9 - Convocatoria (DdFq8b0tHL3),2026-10-02,154.97,39,39,1,0,0,0,0,0,0,0,0,0,Nueva campaña de Clientes potenciales V.2,0,0
IG Post 4/9 C - Convocatoria (Dc1FCLwszOO),2026-10-03,4907.77,1208,1136,1.06338,20,0,0,0,0,0,1125,569,7,Nueva campaña de Clientes potenciales V.2,0,7
2 - Nueva - Copia,2026-10-04,6981.03,2634,2170,1.213825,27,0,0,0,0,0,0,0,8,Nueva campaña de Clientes potenciales V.2,0,8
2 - Nueva - Copia 2,2026-10-04,1113.82,233,193,1.207254,0,0,0,0,0,0,0,0,0,Nueva campaña de Clientes potenciales V.2,0,0
IG Post 29/8 B - Convocatoria (30 días publicidad),2026-10-04,0.6,1,1,1,0,0,0,0,0,0,0,0,0,Nueva campaña de Clientes potenciales V.2,0,0
IG Post 4/9 C - Convocatoria (Dc1FCLwszOO),2026-10-04,1813.19,485,474,1.023207,5,0,0,0,0,0,455,225,2,Nueva campaña de Clientes potenciales V.2,0,2
IG Post 10/9 - Convocatoria (DdFq8b0tHL3),2026-10-04,57.39,15,14,1.071429,0,0,0,0,0,0,0,0,0,Nueva campaña de Clientes potenciales V.2,0,0
2 - Nueva - Copia,2026-10-05,2726.64,1059,883,1.199321,13,0,0,0,0,0,1,0,4,Nueva campaña de Clientes potenciales V.2,0,4
2 - Nueva - Copia 2,2026-10-05,91.53,37,36,1.027778,0,0,0,0,0,0,0,0,0,Nueva campaña de Clientes potenciales V.2,0,0
IG Post 4/9 C - Convocatoria (Dc1FCLwszOO),2026-10-05,8365.15,2153,1893,1.137348,27,0,0,0,0,0,1969,1053,13,Nueva campaña de Clientes potenciales V.2,0,13
IG Post 10/9 - Convocatoria (DdFq8b0tHL3),2026-10-05,17.09,5,5,1,0,0,0,0,0,0,0,0,0,Nueva campaña de Clientes potenciales V.2,0,0
IG Post 25/9 - Convocatoria Angulo Contenido sin Estrategia,2026-10-05,37.13,8,8,1,0,0,0,0,0,0,0,0,0,Nueva campaña de Clientes potenciales V.2,0,0
IG Post 25/9 - Convocatoria Angulo Pauta sin Datos,2026-10-05,4.64,1,1,1,0,0,0,0,0,0,0,0,0,Nueva campaña de Clientes potenciales V.2,0,0
2 - Nueva - Copia,2026-10-06,8164.3,2977,2575,1.156117,44,0,0,0,0,0,0,0,7,Nueva campaña de Clientes potenciales V.2,0,7
2 - Nueva - Copia 2,2026-10-06,202.76,81,75,1.08,2,0,0,0,0,0,0,0,0,Nueva campaña de Clientes potenciales V.2,0,0
IG Post 10/9 - Convocatoria (DdFq8b0tHL3),2026-10-06,56.64,9,9,1,0,0,0,0,0,0,0,0,0,Nueva campaña de Clientes potenciales V.2,0,0
IG Post 25/9 - Convocatoria Angulo Contenido sin Estrategia,2026-10-06,27.05,9,9,1,0,0,0,0,0,0,0,0,0,Nueva campaña de Clientes potenciales V.2,0,0
2 - Nueva - Copia,2026-10-07,10636.22,3836,3215,1.193157,47,0,0,0,0,0,1,0,8,Nueva campaña de Clientes potenciales V.2,0,8
2 - Nueva - Copia 2,2026-10-07,29.64,7,7,1,0,0,0,0,0,0,0,0,0,Nueva campaña de Clientes potenciales V.2,0,0
IG Post 25/9 - Convocatoria Angulo Contenido sin Estrategia,2026-10-07,12.78,5,4,1.25,0,0,0,0,0,0,2,0,0,Nueva campaña de Clientes potenciales V.2,0,0
IG Reel 7/10 - Convocatoria Inmobiliarias - Angulo Sin Pauta,2026-10-07,27.2,9,9,1,0,0,0,0,0,0,8,2,0,Nueva campaña de Clientes potenciales V.2,0,0
2 - Nueva - Copia,2026-10-08,7949.37,2847,2499,1.139256,34,0,0,0,0,0,0,0,2,Nueva campaña de Clientes potenciales V.2,0,2
IG Post 10/9 - Convocatoria (DdFq8b0tHL3),2026-10-08,6.27,3,3,1,0,0,0,0,0,0,0,0,0,Nueva campaña de Clientes potenciales V.2,0,0
IG Post 25/9 - Convocatoria Angulo Pauta sin Datos,2026-10-08,23.8,3,3,1,0,0,0,0,0,0,0,0,0,Nueva campaña de Clientes potenciales V.2,0,0
IG Reel 7/10 - Convocatoria Inmobiliarias - Angulo Sin Pauta,2026-10-08,78.13,6,6,1,0,0,0,0,0,0,6,2,0,Nueva campaña de Clientes potenciales V.2,0,0
IG Reel 7/10 - Convocatoria Inmobiliarias - Angulo Filtro de Leads,2026-10-08,4.46,2,2,1,0,0,0,0,0,0,2,1,0,Nueva campaña de Clientes potenciales V.2,0,0
