Nombre del anuncio,Inicio del informe,Importe gastado (CLP),Impresiones,Alcance,Frecuencia,Clics en el enlace,Visitas a la página de destino,Artículos agregados al carrito,Pagos iniciados,Compras,Valor de conversión de compras,Reproducciones de video de 3 segundos,ThruPlays,Resultados
Carrusel Catalogo,2026-09-01,1672,263,233,1.128755,8,5,0,0,0,0,1,0,
Carrusel Catalogo,2026-09-01,1,1,1,1,0,0,0,0,0,0,0,0,
Carrusel Catalogo - Video Nuevo 1 - Copia,2026-09-01,30,8,8,1,0,0,0,0,0,0,1,1,
Carrusel Catalogo 1 - Video - AGO - Copia,2026-09-01,1205,399,375,1.064,29,25,0,0,0,0,0,0,
Carrusel Catalogo 1 - Video - AGO - Copia 2,2026-09-01,12,3,3,1,1,0,0,0,0,0,0,0,
Carrusel Catalogo 2 - Video - AGO - Copia,2026-09-01,485,149,144,1.034722,5,5,1,1,0,0,1,0,
Carrusel Catalogo 2 - Video - AGO - Copia 2,2026-09-01,671,291,275,1.058182,13,11,0,0,0,0,0,0,
Carrusel Catalogo 2 - Video - AGO - Copia 3,2026-09-01,2723,1051,985,1.067005,64,61,1,0,0,0,1,0,
Carrusel Catalogo 2 - Video - AGO - Copia 3,2026-09-01,430,101,87,1.16092,3,2,0,0,0,0,0,0,
Carrusel Catalogo 2 - Video - AGO - Copia 2,2026-09-01,3791,460,374,1.229947,18,17,0,0,0,0,3,0,
Carrusel Catalogo 1 - Video - AGO - Copia 2,2026-09-01,123,41,37,1.108108,0,0,0,0,0,0,0,0,
Carrusel Catalogo 1 - Video - AGO - Copia 3,2026-09-01,2308,301,195,1.54359,17,19,0,0,0,0,0,0,
Carrusel Catalogo 2 - Video - AGO - Copia 4,2026-09-01,1364,215,172,1.25,8,7,0,0,0,0,0,0,
Carrusel Catalogo,2026-09-02,1,1,1,1,0,0,0,0,0,0,0,0,
Carrusel Catalogo - Video Nuevo 1,2026-09-02,59,4,4,1,0,0,0,0,0,0,4,1,
Carrusel Catalogo 2 - Video - AGO - Copia 3,2026-09-02,46,12,11,1.090909,0,0,0,0,0,0,0,0,
Carrusel Catalogo 2 - Video - AGO - Copia 2,2026-09-02,120,11,10,1.1,1,1,0,0,0,0,0,0,
Carrusel Catalogo 1 - Video - AGO - Copia 2,2026-09-02,365,16,10,1.6,1,1,0,0,0,0,0,0,
Carrusel Catalogo 1 - Video - AGO - Copia 3,2026-09-02,16,6,6,1,0,0,0,0,0,0,0,0,
Carrusel Catalogo 2 - Video - AGO - Copia 4,2026-09-02,26,2,2,1,0,0,0,0,0,0,0,0,
Carrusel Catalogo 1 - Video - AGO - Copia,2026-09-03,0,0,0,0,0,0,0,0,0,0,0,0,
Carrusel Catalogo - Video Nuevo 1,2026-09-03,7501,3585,3188,1.124529,185,147,4,3,0,0,12,2,
Carrusel Catalogo,2026-09-03,6110,3126,2758,1.13343,146,118,2,0,0,0,12,1,
Carrusel Catalogo - Video Nuevo 1,2026-09-04,3694,1479,1292,1.144737,68,60,4,4,0,0,8,1,
Carrusel Catalogo,2026-09-04,1157,447,420,1.064286,28,24,0,0,0,0,3,1,
Carrusel Catalogo 2 - Video - AGO - Copia 2,2026-09-05,0,0,0,0,0,0,0,1,0,0,0,0,
Carrusel Catalogo - Video Nuevo 1,2026-09-05,0,0,0,0,0,0,0,0,0,0,0,0,
Carrusel Catalogo - Video Nuevo 1,2026-09-09,0,0,0,0,0,0,0,0,0,0,0,0,
Nuevo anuncio de Tráfico,2026-09-15,2586,2478,2444,1.013912,138,96,0,0,0,0,2154,303,
Nuevo anuncio de Tráfico,2026-09-16,2015,1949,1857,1.049542,158,119,0,0,0,0,1814,395,
Nuevo anuncio de Tráfico,2026-09-17,1994,1874,1850,1.012973,147,109,0,0,0,0,1783,403,
Nuevo anuncio de Tráfico,2026-09-18,1457,1574,1535,1.025407,109,82,0,0,0,0,1492,340,
Nuevo anuncio de Tráfico,2026-09-19,1759,2004,1952,1.026639,171,128,0,0,0,0,1861,397,
Nuevo anuncio de Tráfico,2026-09-20,2593,3251,3095,1.050404,252,185,0,0,0,0,3026,625,
Nuevo anuncio de Tráfico,2026-09-21,1388,1545,1436,1.075905,127,78,0,0,0,0,1400,313,
Nuevo anuncio de Tráfico,2026-09-22,2433,2376,2208,1.076087,203,146,0,0,0,0,2183,479,
Nuevo anuncio de Tráfico,2026-09-23,1902,1865,1820,1.024725,154,104,0,0,0,0,1719,328,
Nuevo anuncio de Tráfico,2026-09-24,1813,1623,1606,1.010585,139,102,0,0,0,0,1448,326,
Nuevo anuncio de Tráfico,2026-09-25,2012,1971,1875,1.0512,170,125,0,0,0,0,1766,399,
Nuevo anuncio de Tráfico,2026-09-26,1839,1709,1684,1.014846,169,135,0,0,0,0,1557,350,
Nuevo anuncio de Tráfico,2026-09-27,2539,2472,2336,1.058219,232,170,0,0,0,0,2321,536,
Nuevo anuncio de Tráfico,2026-09-28,1793,1979,1979,1,157,131,0,0,0,0,1801,371,
Nuevo anuncio de Tráfico,2026-09-29,446,455,449,1.013363,26,25,0,0,0,0,406,62,
Nuevo anuncio de Tráfico,2026-09-30,1623,1679,1573,1.067387,51,33,0,0,0,0,1197,108,
Nuevo anuncio de Tráfico,2026-10-01,2355,2650,2477,1.069843,83,64,0,0,0,0,2093,201,
Nuevo anuncio de Tráfico,2026-10-02,2041,2189,2097,1.043872,86,60,0,0,0,0,1700,140,
AYMARA - LINK AD- V7,2026-10-03,1241,186,152,1.223684,10,7,0,0,0,0,164,16,
AYMARA - LINK AD- V7 - Copia,2026-10-03,84,16,15,1.066667,0,0,0,1,0,0,14,2,
Nuevo anuncio de Tráfico,2026-10-03,1957,2122,2004,1.058882,67,56,0,0,0,0,1517,118,
AYMARA - LINK AD- V7,2026-10-04,2289,240,192,1.25,28,28,3,3,1,134342,210,35,
AYMARA - LINK AD- V7 - Copia,2026-10-04,122,24,18,1.333333,0,0,0,0,0,0,22,3,
Nuevo anuncio de Tráfico,2026-10-04,2167,2356,2167,1.087217,71,51,0,0,0,0,1653,97,
AYMARA - LINK AD- V7,2026-10-05,2083,143,109,1.311927,16,16,1,2,0,0,119,14,
AYMARA - LINK AD- V7 - Copia,2026-10-05,97,3,2,1.5,0,0,0,0,0,0,3,0,
Nuevo anuncio de Tráfico,2026-10-05,1431,1328,1256,1.057325,35,20,0,0,0,0,933,63,
AYMARA - LINK AD- V7,2026-10-06,1932,208,175,1.188571,18,18,2,2,0,0,176,25,
AYMARA - LINK AD- V7 - Copia,2026-10-06,3,1,1,1,0,0,0,0,0,0,1,0,
Nuevo anuncio de Tráfico,2026-10-06,1865,1594,1505,1.059136,42,34,0,0,0,0,1192,78,
